-0.509176,-0.557554,-0.149396,-0.051006,0.088086,-0.658693
-0.495074,-0.546543,-0.145370,-0.050639,0.084960,-0.645084
-0.480877,-0.535768,-0.141336,-0.050195,0.081835,-0.631877
-0.466901,-0.525209,-0.137385,-0.049693,0.078801,-0.619017
-0.453293,-0.514854,-0.133558,-0.049149,0.075894,-0.606468
-0.440126,-0.504694,-0.129871,-0.048576,0.073131,-0.594206
-0.427432,-0.494726,-0.126330,-0.047980,0.070514,-0.582211
-0.415223,-0.484943,-0.122936,-0.047367,0.068042,-0.570471
-0.403500,-0.475343,-0.119684,-0.046741,0.065712,-0.558976
-0.392259,-0.465922,-0.116572,-0.046104,0.063517,-0.547717
-0.381489,-0.456677,-0.113592,-0.045460,0.061452,-0.536686
-0.371179,-0.447606,-0.110740,-0.044809,0.059511,-0.525876
-0.361318,-0.438704,-0.108010,-0.044154,0.057686,-0.515283
-0.351890,-0.429969,-0.105396,-0.043496,0.055971,-0.504900
-0.342884,-0.421400,-0.102893,-0.042836,0.054361,-0.494722
-0.334285,-0.412992,-0.100494,-0.042175,0.052850,-0.484746
-0.326081,-0.404743,-0.098195,-0.041515,0.051432,-0.474968
-0.318258,-0.396650,-0.095991,-0.040857,0.050102,-0.465383
-0.310804,-0.388712,-0.093877,-0.040201,0.048855,-0.455988
-0.303707,-0.380925,-0.091849,-0.039549,0.047687,-0.446780
-0.296955,-0.373287,-0.089902,-0.038902,0.046593,-0.437756
-0.290537,-0.365795,-0.088033,-0.038259,0.045569,-0.428913
-0.284443,-0.358446,-0.086237,-0.037623,0.044612,-0.420249
-0.278662,-0.351240,-0.084513,-0.036993,0.043718,-0.411760
-0.273059,-0.344176,-0.082832,-0.036370,0.042855,-0.403442
-0.267570,-0.337254,-0.081185,-0.035757,0.042008,-0.395289
-0.262191,-0.330470,-0.079570,-0.035152,0.041178,-0.387301
-0.256921,-0.323824,-0.077986,-0.034556,0.040363,-0.379473
-0.251757,-0.317310,-0.076433,-0.033970,0.039563,-0.371804
-0.246698,-0.310928,-0.074910,-0.033392,0.038779,-0.364290
-0.241740,-0.304673,-0.073418,-0.032823,0.038010,-0.356930
-0.236883,-0.298545,-0.071954,-0.032264,0.037256,-0.349719
-0.232124,-0.292539,-0.070519,-0.031714,0.036517,-0.342657
-0.227460,-0.286654,-0.069112,-0.031173,0.035792,-0.335739
-0.222891,-0.280887,-0.067733,-0.030641,0.035081,-0.328963
-0.218414,-0.275237,-0.066381,-0.030119,0.034384,-0.322327
-0.214027,-0.269699,-0.065055,-0.029605,0.033701,-0.315828
-0.209729,-0.264273,-0.063756,-0.029101,0.033031,-0.309464
-0.205517,-0.258956,-0.062481,-0.028607,0.032374,-0.303231
-0.201390,-0.253745,-0.061232,-0.028122,0.031730,-0.297127
-0.197346,-0.248639,-0.060008,-0.027646,0.031099,-0.291151
-0.193384,-0.243636,-0.058807,-0.027181,0.030480,-0.285299
-0.189501,-0.238733,-0.057630,-0.026726,0.029873,-0.279570
-0.185697,-0.233929,-0.056476,-0.026282,0.029278,-0.273960
-0.181969,-0.229221,-0.055345,-0.025849,0.028695,-0.268469
-0.178316,-0.224607,-0.054236,-0.025429,0.028123,-0.263095
-0.174737,-0.220087,-0.053149,-0.025022,0.027562,-0.257835
-0.171230,-0.215657,-0.052083,-0.024629,0.027013,-0.252690
-0.167793,-0.211316,-0.051038,-0.024254,0.026474,-0.247657
-0.164426,-0.207062,-0.050014,-0.023898,0.025946,-0.242739
-0.161126,-0.202893,-0.049010,-0.023567,0.025428,-0.237934
-0.157893,-0.198809,-0.048025,-0.023267,0.024920,-0.233248
-0.154724,-0.194806,-0.047060,-0.023005,0.024422,-0.228683
-0.151620,-0.190884,-0.046114,-0.022776,0.023933,-0.224234
-0.148577,-0.187040,-0.045187,-0.022501,0.023447,-0.219848
-0.145596,-0.183273,-0.044278,-0.022082,0.022963,-0.215453
-0.142675,-0.179583,-0.043386,-0.021640,0.022487,-0.211125
-0.139813,-0.175966,-0.042513,-0.021208,0.022020,-0.206885
-0.137008,-0.172422,-0.041656,-0.020784,0.021562,-0.202729
-0.134259,-0.168949,-0.040816,-0.020370,0.021114,-0.198657
-0.131566,-0.165545,-0.039993,-0.019964,0.020674,-0.194667
-0.128927,-0.162210,-0.039186,-0.019567,0.020242,-0.190758
-0.126341,-0.158942,-0.038395,-0.019178,0.019819,-0.186927
-0.123806,-0.155740,-0.037619,-0.018797,0.019405,-0.183173
-0.121323,-0.152601,-0.036858,-0.018424,0.018998,-0.179495
-0.118890,-0.149526,-0.036113,-0.018060,0.018599,-0.175891
-0.116505,-0.146513,-0.035382,-0.017703,0.018208,-0.172359
-0.114168,-0.143559,-0.034665,-0.017354,0.017824,-0.168899
-0.111878,-0.140666,-0.033963,-0.017013,0.017448,-0.165508
-0.109635,-0.137830,-0.033274,-0.016679,0.017079,-0.162186
-0.107436,-0.135051,-0.032599,-0.016352,0.016717,-0.158931
-0.105281,-0.132328,-0.031936,-0.016033,0.016361,-0.155741
-0.103169,-0.129660,-0.031287,-0.015721,0.016013,-0.152616
-0.101100,-0.127045,-0.030651,-0.015417,0.015670,-0.149554
-0.099073,-0.124482,-0.030027,-0.015119,0.015334,-0.146554
-0.097086,-0.121971,-0.029415,-0.014830,0.015004,-0.143615
-0.095139,-0.119511,-0.028815,-0.014547,0.014680,-0.140736
-0.093231,-0.117099,-0.028227,-0.014273,0.014361,-0.137915
-0.091361,-0.114736,-0.027651,-0.014006,0.014048,-0.135152
-0.089529,-0.112421,-0.027085,-0.013747,0.013740,-0.132445
-0.087733,-0.110152,-0.026531,-0.013498,0.013436,-0.129793
-0.085974,-0.107929,-0.025987,-0.013259,0.013137,-0.127196
-0.084250,-0.105750,-0.025454,-0.013032,0.012841,-0.124654
-0.082560,-0.103615,-0.024932,-0.012821,0.012547,-0.122165
-0.080904,-0.101522,-0.024419,-0.012631,0.012255,-0.119730
-0.079282,-0.099472,-0.023917,-0.012479,0.011959,-0.117351
-0.079001,-0.097559,-0.023615,-0.012408,0.012609,-0.115539
-0.077431,-0.095410,-0.023121,-0.012992,0.012283,-0.113380
-0.075894,-0.093302,-0.022636,-0.013575,0.011960,-0.111266
-0.074388,-0.091234,-0.022160,-0.014158,0.011641,-0.109196
-0.072912,-0.089204,-0.021694,-0.014742,0.011325,-0.107169
-0.071467,-0.087213,-0.021237,-0.015327,0.011011,-0.105184
-0.070052,-0.085258,-0.020788,-0.015913,0.010701,-0.103240
-0.068666,-0.083340,-0.020349,-0.016502,0.010392,-0.101335
-0.067309,-0.081457,-0.019917,-0.017094,0.010087,-0.099470
-0.065979,-0.079608,-0.019495,-0.017690,0.009783,-0.097643
-0.064677,-0.077793,-0.019080,-0.018289,0.009482,-0.095854
-0.063402,-0.076011,-0.018673,-0.018894,0.009182,-0.094100
-0.062153,-0.074261,-0.018274,-0.019504,0.008884,-0.092383
-0.060931,-0.072542,-0.017883,-0.020120,0.008587,-0.090699
-0.059734,-0.070853,-0.017500,-0.020743,0.008291,-0.089050
-0.058562,-0.069194,-0.017123,-0.021374,0.007996,-0.087434
-0.057414,-0.067564,-0.016754,-0.022012,0.007702,-0.085849
-0.056291,-0.065961,-0.016392,-0.022660,0.007409,-0.084296
-0.055192,-0.064386,-0.016037,-0.023318,0.007116,-0.082773
-0.054115,-0.062838,-0.015689,-0.023986,0.006823,-0.081280
-0.053062,-0.061315,-0.015348,-0.024665,0.006530,-0.079816
-0.052031,-0.059818,-0.015013,-0.025356,0.006237,-0.078380
-0.055006,-0.059099,-0.015537,-0.027282,0.010519,-0.069991
-0.053935,-0.057666,-0.015198,-0.027832,0.010153,-0.068802
-0.052886,-0.056256,-0.014865,-0.028396,0.009788,-0.067635
-0.051860,-0.054869,-0.014539,-0.028975,0.009424,-0.066491
-0.050856,-0.053503,-0.014218,-0.029570,0.009061,-0.065367
-0.049874,-0.052160,-0.013904,-0.030180,0.008698,-0.064264
-0.048913,-0.050836,-0.013596,-0.030808,0.008335,-0.063181
-0.052722,-0.050463,-0.014444,-0.033092,0.013281,-0.054601
-0.051701,-0.049199,-0.014125,-0.033546,0.012839,-0.053756
-0.050703,-0.047954,-0.013811,-0.034021,0.012398,-0.052926
-0.049726,-0.046728,-0.013504,-0.034517,0.011959,-0.052110
-0.048770,-0.045520,-0.013203,-0.035036,0.011521,-0.051309
-0.047836,-0.044329,-0.012907,-0.035577,0.011084,-0.050521
-0.052039,-0.044196,-0.013995,-0.038099,0.016362,-0.042040
-0.051035,-0.043061,-0.013683,-0.038446,0.015845,-0.041473
-0.050054,-0.041941,-0.013377,-0.038820,0.015330,-0.040917
-0.049094,-0.040836,-0.013077,-0.039223,0.014817,-0.040369
-0.048155,-0.039746,-0.012782,-0.039654,0.014305,-0.039831
-0.052747,-0.039813,-0.014111,-0.042602,0.019796,-0.030826
-0.051731,-0.038777,-0.013796,-0.042814,0.019206,-0.030506
-0.050737,-0.037753,-0.013486,-0.043060,0.018620,-0.030191
-0.049765,-0.036741,-0.013183,-0.043341,0.018036,-0.029882
-0.048815,-0.035741,-0.012885,-0.043657,0.017454,-0.029578
-0.053010,-0.035870,-0.014233,-0.046614,0.022648,-0.021041
-0.051990,-0.034922,-0.013914,-0.046708,0.021998,-0.020930
-0.050992,-0.033984,-0.013602,-0.046842,0.021351,-0.020822
-0.050017,-0.033056,-0.013295,-0.047018,0.020708,-0.020717
-0.049064,-0.032137,-0.012994,-0.047235,0.020067,-0.020614
-0.051810,-0.032126,-0.013985,-0.049523,0.024345,-0.013941
-0.050816,-0.031257,-0.013670,-0.049549,0.023654,-0.013980
-0.049845,-0.030395,-0.013362,-0.049622,0.022966,-0.014021
-0.053724,-0.030633,-0.014822,-0.052788,0.027848,-0.005820
-0.052688,-0.029821,-0.014490,-0.052629,0.027105,-0.006021
-0.051676,-0.029015,-0.014165,-0.052524,0.026366,-0.006222
-0.050686,-0.028214,-0.013847,-0.052471,0.025631,-0.006424
-0.053870,-0.028395,-0.015150,-0.055371,0.030054,0.000886
-0.052830,-0.027641,-0.014812,-0.055102,0.029273,0.000554
-0.051815,-0.026892,-0.014481,-0.054892,0.028496,0.000222
-0.050822,-0.026147,-0.014156,-0.054739,0.027723,-0.000110
-0.053236,-0.026243,-0.015241,-0.056837,0.031216,0.005420
-0.052210,-0.025541,-0.014901,-0.056513,0.030413,0.005000
-0.051207,-0.024840,-0.014568,-0.056252,0.029614,0.004579
-0.053608,-0.024969,-0.015706,-0.058160,0.032765,0.009591
-0.052572,-0.024307,-0.015358,-0.057743,0.031941,0.009098
-0.051561,-0.023647,-0.015016,-0.057390,0.031122,0.008605
-0.053844,-0.023784,-0.016160,-0.058825,0.033716,0.012630
-0.052803,-0.023158,-0.015802,-0.058346,0.032881,0.012086
-0.051786,-0.022533,-0.015452,-0.057933,0.032050,0.011542
-0.053846,-0.022655,-0.016549,-0.058619,0.033915,0.014149
-0.052805,-0.022058,-0.016184,-0.058122,0.033079,0.013582
-0.054809,-0.022184,-0.017290,-0.058633,0.034739,0.015810
-0.053746,-0.021613,-0.016911,-0.058062,0.033901,0.015229
-0.055648,-0.021733,-0.018001,-0.058275,0.035277,0.016882
-0.054566,-0.021185,-0.017607,-0.057648,0.034439,0.016299
-0.055919,-0.021215,-0.018454,-0.057493,0.035335,0.017346
-0.054830,-0.020689,-0.018052,-0.056833,0.034505,0.016770
-0.055184,-0.020544,-0.018408,-0.056290,0.034750,0.017257
-0.055401,-0.020377,-0.018699,-0.055707,0.034900,0.017662
-0.054318,-0.019894,-0.018293,-0.054970,0.034101,0.017122
-0.053398,-0.019527,-0.017983,-0.053923,0.033526,0.016875
-0.052339,-0.019140,-0.017595,-0.052829,0.032862,0.016542
-0.051302,-0.018760,-0.017214,-0.051755,0.032208,0.016216
-0.050285,-0.018388,-0.016842,-0.050702,0.031566,0.015895
-0.049289,-0.018025,-0.016477,-0.049671,0.030934,0.015580
-0.048313,-0.017668,-0.016120,-0.048663,0.030312,0.015269
-0.047357,-0.017319,-0.015770,-0.047677,0.029700,0.014963
-0.046420,-0.016978,-0.015428,-0.046713,0.029099,0.014661
-0.045501,-0.016643,-0.015093,-0.045770,0.028508,0.014365
-0.044602,-0.016316,-0.014765,-0.044846,0.027929,0.014074
-0.043720,-0.015995,-0.014444,-0.043943,0.027360,0.013788
-0.042857,-0.015681,-0.014129,-0.043058,0.026803,0.013508
-0.042011,-0.015374,-0.013822,-0.042191,0.026256,0.013233
-0.041181,-0.015073,-0.013521,-0.041343,0.025721,0.012963
-0.040369,-0.014778,-0.013226,-0.040512,0.025196,0.012699
-0.039573,-0.014489,-0.012938,-0.039698,0.024681,0.012440
-0.038793,-0.014206,-0.012655,-0.038901,0.024177,0.012186
-0.038028,-0.013929,-0.012379,-0.038119,0.023683,0.011937
-0.037279,-0.013658,-0.012109,-0.037354,0.023199,0.011693
-0.036545,-0.013393,-0.011844,-0.036605,0.022725,0.011454
-0.035826,-0.013132,-0.011585,-0.035870,0.022261,0.011221
-0.035121,-0.012878,-0.011332,-0.035151,0.021806,0.010992
-0.034430,-0.012628,-0.011084,-0.034446,0.021361,0.010767
-0.033753,-0.012384,-0.010842,-0.033756,0.020924,0.010547
-0.033090,-0.012144,-0.010604,-0.033079,0.020497,0.010332
-0.032439,-0.011910,-0.010372,-0.032417,0.020078,0.010121
-0.031802,-0.011680,-0.010145,-0.031767,0.019668,0.009915
-0.031178,-0.011455,-0.009923,-0.031131,0.019266,0.009713
-0.030566,-0.011234,-0.009706,-0.030508,0.018873,0.009515
-0.029966,-0.011018,-0.009494,-0.029897,0.018487,0.009321
-0.029378,-0.010807,-0.009286,-0.029299,0.018110,0.009131
-0.028802,-0.010599,-0.009082,-0.028713,0.017740,0.008945
-0.028237,-0.010396,-0.008884,-0.028139,0.017378,0.008763
-0.027684,-0.010197,-0.008689,-0.027576,0.017024,0.008585
-0.027141,-0.010002,-0.008499,-0.027024,0.016676,0.008410
-0.026609,-0.009810,-0.008313,-0.026484,0.016336,0.008239
-0.026088,-0.009623,-0.008131,-0.025955,0.016003,0.008072
-0.025577,-0.009439,-0.007953,-0.025436,0.015677,0.007908
-0.025076,-0.009259,-0.007779,-0.024928,0.015358,0.007747
-0.024585,-0.009082,-0.007609,-0.024430,0.015045,0.007590
-0.024103,-0.008909,-0.007443,-0.023942,0.014738,0.007436
-0.023631,-0.008740,-0.007281,-0.023464,0.014438,0.007285
-0.023169,-0.008573,-0.007122,-0.022996,0.014144,0.007137
-0.022715,-0.008410,-0.006967,-0.022537,0.013857,0.006993
-0.022270,-0.008250,-0.006815,-0.022087,0.013575,0.006851
-0.021835,-0.008093,-0.006666,-0.021647,0.013299,0.006712
-0.021407,-0.007939,-0.006521,-0.021215,0.013028,0.006577
-0.020988,-0.007788,-0.006379,-0.020792,0.012763,0.006444
-0.020577,-0.007641,-0.006241,-0.020377,0.012504,0.006313
-0.020174,-0.007495,-0.006105,-0.019971,0.012250,0.006186
-0.019779,-0.007353,-0.005973,-0.019573,0.012001,0.006061
-0.019392,-0.007213,-0.005843,-0.019182,0.011758,0.005938
-0.019012,-0.007076,-0.005717,-0.018800,0.011519,0.005819
-0.018639,-0.006942,-0.005593,-0.018425,0.011285,0.005701
-0.018274,-0.006810,-0.005472,-0.018058,0.011056,0.005586
-0.017916,-0.006681,-0.005354,-0.017698,0.010832,0.005474
-0.017565,-0.006554,-0.005238,-0.017346,0.010613,0.005363
-0.017221,-0.006429,-0.005125,-0.017000,0.010398,0.005255
-0.016883,-0.006307,-0.005015,-0.016661,0.010187,0.005150
-0.016552,-0.006187,-0.004907,-0.016329,0.009981,0.005046
-0.016227,-0.006069,-0.004802,-0.016004,0.009779,0.004944
-0.015908,-0.005954,-0.004699,-0.015685,0.009581,0.004845
-0.015596,-0.005840,-0.004598,-0.015373,0.009387,0.004748
-0.015289,-0.005729,-0.004500,-0.015066,0.009197,0.004652
-0.014989,-0.005619,-0.004404,-0.014766,0.009011,0.004559
-0.014694,-0.005512,-0.004310,-0.014472,0.008829,0.004467
-0.014405,-0.005407,-0.004218,-0.014184,0.008651,0.004378
-0.014122,-0.005303,-0.004128,-0.013901,0.008476,0.004290
-0.013844,-0.005202,-0.004041,-0.013624,0.008305,0.004204
-0.013571,-0.005102,-0.003955,-0.013352,0.008137,0.004119
-0.013304,-0.005004,-0.003871,-0.013086,0.007973,0.004037
-0.013041,-0.004908,-0.003789,-0.012825,0.007812,0.003956
-0.012784,-0.004814,-0.003709,-0.012569,0.007654,0.003876
-0.012532,-0.004721,-0.003631,-0.012319,0.007500,0.003799
-0.012284,-0.004630,-0.003555,-0.012073,0.007348,0.003722
-0.012042,-0.004541,-0.003480,-0.011832,0.007200,0.003648
-0.011804,-0.004454,-0.003407,-0.011596,0.007055,0.003575
-0.011570,-0.004368,-0.003335,-0.011365,0.006913,0.003503
-0.011341,-0.004283,-0.003266,-0.011138,0.006774,0.003433
-0.011117,-0.004200,-0.003197,-0.010916,0.006637,0.003364
-0.010897,-0.004119,-0.003131,-0.010698,0.006503,0.003297
-0.010681,-0.004039,-0.003065,-0.010484,0.006372,0.003231
-0.010469,-0.003960,-0.003002,-0.010274,0.006244,0.003166
-0.010261,-0.003883,-0.002939,-0.010069,0.006118,0.003102
-0.010057,-0.003807,-0.002878,-0.009868,0.005995,0.003040
-0.009858,-0.003733,-0.002819,-0.009671,0.005875,0.002979
-0.009662,-0.003660,-0.002760,-0.009477,0.005756,0.002920
-0.009470,-0.003588,-0.002703,-0.009288,0.005640,0.002861
-0.009281,-0.003518,-0.002647,-0.009102,0.005527,0.002804
-0.009096,-0.003449,-0.002593,-0.008920,0.005416,0.002748
-0.008915,-0.003381,-0.002540,-0.008741,0.005307,0.002693
-0.008738,-0.003315,-0.002487,-0.008566,0.005200,0.002639
-0.008563,-0.003250,-0.002436,-0.008395,0.005096,0.002586
-0.008393,-0.003186,-0.002386,-0.008227,0.004993,0.002534
-0.008225,-0.003123,-0.002338,-0.008062,0.004893,0.002483
-0.008061,-0.003061,-0.002290,-0.007900,0.004794,0.002433
-0.007900,-0.003001,-0.002243,-0.007742,0.004698,0.002385
-0.007742,-0.002941,-0.002197,-0.007587,0.004603,0.002337
-0.007587,-0.002883,-0.002153,-0.007435,0.004511,0.002290
-0.007435,-0.002826,-0.002109,-0.007286,0.004420,0.002244
-0.007287,-0.002770,-0.002066,-0.007139,0.004331,0.002199
-0.007141,-0.002715,-0.002024,-0.006996,0.004244,0.002155
-0.006998,-0.002661,-0.001983,-0.006856,0.004159,0.002112
-0.006858,-0.002608,-0.001943,-0.006718,0.004075,0.002069
-0.006720,-0.002556,-0.001903,-0.006583,0.003994,0.002028
-0.006585,-0.002505,-0.001865,-0.006451,0.003913,0.001987
-0.006453,-0.002455,-0.001827,-0.006322,0.003835,0.001947
-0.006324,-0.002406,-0.001790,-0.006195,0.003758,0.001908
-0.006197,-0.002357,-0.001754,-0.006070,0.003682,0.001870
-0.006073,-0.002310,-0.001718,-0.005948,0.003608,0.001832
-0.005951,-0.002264,-0.001684,-0.005829,0.003536,0.001795
-0.005831,-0.002219,-0.001650,-0.005712,0.003464,0.001759
-0.005714,-0.002174,-0.001616,-0.005597,0.003395,0.001724
-0.005600,-0.002131,-0.001584,-0.005485,0.003327,0.001689
-0.005487,-0.002088,-0.001552,-0.005374,0.003260,0.001655
-0.005377,-0.002046,-0.001521,-0.005266,0.003194,0.001622
-0.005269,-0.002005,-0.001490,-0.005161,0.003130,0.001590
-0.005163,-0.001965,-0.001460,-0.005057,0.003067,0.001558
-0.005059,-0.001925,-0.001431,-0.004955,0.003006,0.001526
-0.004958,-0.001887,-0.001402,-0.004856,0.002945,0.001496
-0.004858,-0.001849,-0.001374,-0.004758,0.002886,0.001466
-0.004760,-0.001812,-0.001346,-0.004662,0.002828,0.001436
-0.004665,-0.001775,-0.001319,-0.004569,0.002771,0.001407
-0.004571,-0.001740,-0.001293,-0.004477,0.002715,0.001379
-0.004479,-0.001705,-0.001267,-0.004387,0.002661,0.001351
-0.004389,-0.001670,-0.001241,-0.004299,0.002607,0.001324
-0.004301,-0.001637,-0.001216,-0.004212,0.002555,0.001298
-0.004214,-0.001604,-0.001192,-0.004128,0.002504,0.001271
-0.004130,-0.001572,-0.001168,-0.004045,0.002453,0.001246
-0.004047,-0.001540,-0.001144,-0.003963,0.002404,0.001221
-0.003965,-0.001509,-0.001121,-0.003884,0.002356,0.001196
-0.003886,-0.001479,-0.001099,-0.003806,0.002308,0.001172
-0.003808,-0.001449,-0.001077,-0.003729,0.002262,0.001149
-0.003731,-0.001420,-0.001055,-0.003654,0.002216,0.001126
-0.003656,-0.001392,-0.001034,-0.003581,0.002172,0.001103
-0.003583,-0.001364,-0.001013,-0.003509,0.002128,0.001081
-0.003511,-0.001336,-0.000993,-0.003438,0.002085,0.001059
-0.003440,-0.001309,-0.000973,-0.003369,0.002043,0.001038
-0.003371,-0.001283,-0.000953,-0.003302,0.002002,0.001017
-0.003303,-0.001257,-0.000934,-0.003235,0.001962,0.000997
-0.003237,-0.001232,-0.000915,-0.003170,0.001923,0.000976
-0.003172,-0.001207,-0.000897,-0.003106,0.001884,0.000957
-0.003101,-0.001183,-0.000872,-0.003043,0.001842,0.000937
-0.003004,-0.001159,-0.000820,-0.002977,0.001782,0.000913
-0.002879,-0.001136,-0.000739,-0.002909,0.001704,0.000886
-0.002725,-0.001113,-0.000628,-0.002837,0.001607,0.000856
-0.002540,-0.001090,-0.000484,-0.002763,0.001490,0.000821
-0.002321,-0.001068,-0.000307,-0.002685,0.001350,0.000782
-0.002069,-0.001047,-0.000095,-0.002603,0.001189,0.000738
-0.001781,-0.001025,0.000154,-0.002518,0.001004,0.000691
-0.001456,-0.001004,0.000440,-0.002429,0.000795,0.000638
-0.001095,-0.000984,0.000764,-0.002335,0.000561,0.000580
-0.000695,-0.000964,0.001126,-0.002238,0.000303,0.000518
-0.000256,-0.000944,0.001529,-0.002136,0.000019,0.000451
0.000221,-0.000925,0.001971,-0.002030,-0.000292,0.000378
0.000738,-0.000906,0.002453,-0.001919,-0.000628,0.000300
0.001295,-0.000887,0.002976,-0.001804,-0.000991,0.000217
0.001892,-0.000869,0.003539,-0.001685,-0.001381,0.000129
0.002528,-0.000851,0.004143,-0.001561,-0.001797,0.000036
0.003203,-0.000833,0.004786,-0.001433,-0.002240,-0.000063
0.003917,-0.000816,0.005469,-0.001301,-0.002709,-0.000166
0.004670,-0.000799,0.006191,-0.001164,-0.003204,-0.000275
0.005460,-0.000782,0.006951,-0.001023,-0.003726,-0.000389
0.006287,-0.000765,0.007749,-0.000878,-0.004272,-0.000507
0.007150,-0.000749,0.008584,-0.000729,-0.004844,-0.000630
0.008048,-0.000734,0.009453,-0.000576,-0.005440,-0.000758
0.008979,-0.000718,0.010358,-0.000419,-0.006060,-0.000891
0.009944,-0.000703,0.011295,-0.000259,-0.006704,-0.001027
0.010939,-0.000688,0.012264,-0.000095,-0.007370,-0.001168
0.011964,-0.000673,0.013264,0.000072,-0.008057,-0.001313
0.013018,-0.000659,0.014292,0.000242,-0.008766,-0.001462
0.014098,-0.000645,0.015347,0.000414,-0.009494,-0.001614
0.015203,-0.000631,0.016428,0.000590,-0.010242,-0.001769
0.016332,-0.000617,0.017533,0.000767,-0.011007,-0.001927
0.017482,-0.000604,0.018660,0.000947,-0.011790,-0.002089
0.018652,-0.000591,0.019807,0.001129,-0.012589,-0.002253
0.019840,-0.000578,0.020973,0.001312,-0.013402,-0.002419
0.021044,-0.000566,0.022155,0.001497,-0.014230,-0.002587
0.022262,-0.000554,0.023352,0.001683,-0.015070,-0.002757
0.023492,-0.000542,0.024561,0.001870,-0.015921,-0.002929
0.024733,-0.000530,0.025781,0.002058,-0.016783,-0.003102
0.025982,-0.000518,0.027010,0.002246,-0.017654,-0.003276
0.027237,-0.000507,0.028245,0.002435,-0.018532,-0.003451
0.028497,-0.000496,0.029486,0.002623,-0.019418,-0.003626
0.029759,-0.000485,0.030729,0.002811,-0.020308,-0.003802
0.031023,-0.000474,0.031974,0.002999,-0.021203,-0.003977
0.032285,-0.000464,0.033218,0.003186,-0.022101,-0.004153
0.033544,-0.000454,0.034459,0.003371,-0.023000,-0.004327
0.034798,-0.000444,0.035695,0.003556,-0.023900,-0.004501
0.036045,-0.000434,0.036925,0.003739,-0.024798,-0.004674
0.037284,-0.000424,0.038147,0.003920,-0.025695,-0.004845
0.038512,-0.000415,0.039360,0.004099,-0.026589,-0.005015
0.039729,-0.000406,0.040560,0.004277,-0.027478,-0.005183
0.040933,-0.000397,0.041748,0.004451,-0.028362,-0.005349
0.042121,-0.000388,0.042920,0.004624,-0.029238,-0.005513
0.043292,-0.000380,0.044077,0.004793,-0.030107,-0.005675
0.044446,-0.000371,0.045215,0.004960,-0.030967,-0.005833
0.045580,-0.000363,0.046334,0.005123,-0.031816,-0.005989
0.046693,-0.000355,0.047433,0.005283,-0.032655,-0.006142
0.047783,-0.000347,0.048509,0.005440,-0.033481,-0.006291
0.048850,-0.000339,0.049563,0.005593,-0.034294,-0.006437
0.049893,-0.000332,0.050591,0.005742,-0.035092,-0.006580
0.050909,-0.000324,0.051594,0.005887,-0.035875,-0.006718
0.051899,-0.000317,0.052571,0.006028,-0.036642,-0.006853
0.052860,-0.000310,0.053519,0.006165,-0.037392,-0.006983
0.053792,-0.000303,0.054439,0.006298,-0.038124,-0.007110
0.054694,-0.000297,0.055329,0.006426,-0.038838,-0.007232
0.055566,-0.000290,0.056188,0.006550,-0.039531,-0.007350
0.056406,-0.000284,0.057016,0.006669,-0.040204,-0.007463
0.057213,-0.000277,0.057811,0.006783,-0.040857,-0.007571
0.057987,-0.000271,0.058574,0.006893,-0.041487,-0.007675
0.058728,-0.000265,0.059303,0.006997,-0.042095,-0.007774
0.059434,-0.000259,0.059998,0.007097,-0.042680,-0.007868
0.060105,-0.000254,0.060659,0.007192,-0.043241,-0.007957
0.060741,-0.000248,0.061284,0.007282,-0.043778,-0.008041
0.061342,-0.000242,0.061874,0.007367,-0.044291,-0.008120
0.061906,-0.000237,0.062428,0.007446,-0.044778,-0.008193
0.062434,-0.000232,0.062946,0.007521,-0.045240,-0.008262
0.062926,-0.000227,0.063428,0.007590,-0.045676,-0.008325
0.063380,-0.000222,0.063873,0.007654,-0.046085,-0.008384
0.063798,-0.000217,0.064281,0.007714,-0.046468,-0.008437
0.064179,-0.000212,0.064653,0.007767,-0.046824,-0.008484
0.064523,-0.000208,0.064987,0.007816,-0.047153,-0.008527
0.064830,-0.000203,0.065285,0.007860,-0.047455,-0.008565
0.065099,-0.000199,0.065546,0.007899,-0.047730,-0.008597
0.065332,-0.000194,0.065771,0.007932,-0.047977,-0.008624
0.065529,-0.000190,0.065958,0.007961,-0.048196,-0.008646
0.065689,-0.000186,0.066110,0.007984,-0.048388,-0.008663
0.065812,-0.000182,0.066225,0.008003,-0.048552,-0.008675
0.065900,-0.000178,0.066305,0.008017,-0.048689,-0.008682
0.065952,-0.000174,0.066349,0.008026,-0.048798,-0.008684
0.065969,-0.000170,0.066358,0.008030,-0.048880,-0.008682
0.065951,-0.000167,0.066333,0.008030,-0.048935,-0.008674
0.065899,-0.000163,0.066273,0.008025,-0.048963,-0.008662
0.065812,-0.000160,0.066179,0.008015,-0.048965,-0.008645
0.065693,-0.000156,0.066053,0.008001,-0.048939,-0.008624
0.065540,-0.000153,0.065893,0.007983,-0.048888,-0.008598
0.065355,-0.000149,0.065701,0.007960,-0.048811,-0.008568
0.065139,-0.000146,0.065478,0.007933,-0.048709,-0.008533
0.064892,-0.000143,0.065224,0.007902,-0.048581,-0.008495
0.064614,-0.000140,0.064940,0.007867,-0.048429,-0.008452
0.064307,-0.000137,0.064626,0.007829,-0.048252,-0.008406
0.063970,-0.000134,0.064283,0.007786,-0.048052,-0.008355
0.063606,-0.000131,0.063913,0.007740,-0.047829,-0.008301
0.063214,-0.000129,0.063515,0.007690,-0.047583,-0.008244
0.062796,-0.000126,0.063091,0.007637,-0.047315,-0.008182
0.062352,-0.000123,0.062641,0.007581,-0.047026,-0.008118
0.061883,-0.000121,0.062166,0.007521,-0.046715,-0.008050
0.061390,-0.000118,0.061668,0.007458,-0.046385,-0.007979
0.060874,-0.000116,0.061146,0.007393,-0.046034,-0.007906
0.060335,-0.000113,0.060602,0.007324,-0.045665,-0.007829
0.059775,-0.000111,0.060037,0.007253,-0.045278,-0.007749
0.059195,-0.000109,0.059452,0.007179,-0.044872,-0.007667
0.058595,-0.000106,0.058847,0.007103,-0.044450,-0.007583
0.057977,-0.000104,0.058223,0.007025,-0.044012,-0.007496
0.057341,-0.000102,0.057582,0.006944,-0.043559,-0.007407
0.056688,-0.000100,0.056925,0.006861,-0.043091,-0.007317
0.056020,-0.000098,0.056252,0.006777,-0.042609,-0.007224
0.055337,-0.000096,0.055564,0.006691,-0.042114,-0.007129
0.054640,-0.000094,0.054863,0.006603,-0.041607,-0.007033
0.053930,-0.000092,0.054149,0.006513,-0.041088,-0.006935
0.053209,-0.000090,0.053423,0.006422,-0.040558,-0.006836
0.052477,-0.000088,0.052686,0.006330,-0.040018,-0.006736
0.051734,-0.000086,0.051940,0.006237,-0.039470,-0.006634
0.050983,-0.000085,0.051185,0.006142,-0.038913,-0.006532
0.050224,-0.000083,0.050422,0.006047,-0.038348,-0.006429
0.049459,-0.000081,0.049652,0.005951,-0.037777,-0.006325
0.048687,-0.000079,0.048876,0.005854,-0.037199,-0.006221
0.047910,-0.000078,0.048096,0.005757,-0.036617,-0.006116
0.047129,-0.000076,0.047311,0.005660,-0.036030,-0.006011
0.046345,-0.000075,0.046523,0.005562,-0.035439,-0.005905
0.045558,-0.000073,0.045733,0.005464,-0.034845,-0.005800
0.044770,-0.000072,0.044942,0.005366,-0.034250,-0.005695
0.043982,-0.000070,0.044150,0.005268,-0.033653,-0.005589
0.043194,-0.000069,0.043358,0.005170,-0.033055,-0.005484
0.042407,-0.000067,0.042568,0.005073,-0.032457,-0.005380
0.041622,-0.000066,0.041781,0.004975,-0.031860,-0.005276
0.040841,-0.000065,0.040996,0.004879,-0.031265,-0.005172
0.040063,-0.000063,0.040214,0.004783,-0.030672,-0.005070
0.039289,-0.000062,0.039438,0.004687,-0.030081,-0.004968
0.038520,-0.000061,0.038666,0.004593,-0.029494,-0.004867
0.037758,-0.000060,0.037901,0.004499,-0.028911,-0.004767
0.037002,-0.000058,0.037142,0.004406,-0.028332,-0.004668
0.036258,-0.000057,0.036396,0.004315,-0.027763,-0.004570
0.035530,-0.000056,0.035664,0.004226,-0.027205,-0.004475
0.034815,-0.000055,0.034947,0.004138,-0.026658,-0.004382
0.034116,-0.000054,0.034245,0.004053,-0.026122,-0.004291
0.033430,-0.000053,0.033556,0.003969,-0.025597,-0.004202
0.032758,-0.000052,0.032882,0.003888,-0.025083,-0.004115
0.032100,-0.000051,0.032221,0.003808,-0.024579,-0.004030
0.031454,-0.000050,0.031573,0.003730,-0.024085,-0.003947
0.030822,-0.000049,0.030939,0.003653,-0.023601,-0.003865
0.030203,-0.000048,0.030317,0.003578,-0.023126,-0.003786
0.029596,-0.000047,0.029707,0.003505,-0.022662,-0.003708
0.029001,-0.000046,0.029110,0.003433,-0.022206,-0.003631
0.028418,-0.000045,0.028525,0.003363,-0.021760,-0.003557
0.027847,-0.000044,0.027952,0.003295,-0.021323,-0.003484
0.027287,-0.000043,0.027390,0.003228,-0.020894,-0.003412
0.026738,-0.000042,0.026840,0.003162,-0.020474,-0.003343
0.026201,-0.000041,0.026300,0.003097,-0.020063,-0.003274
0.025674,-0.000041,0.025771,0.003035,-0.019660,-0.003207
0.025158,-0.000040,0.025253,0.002973,-0.019264,-0.003142
0.024653,-0.000039,0.024746,0.002913,-0.018877,-0.003078
0.024157,-0.000038,0.024248,0.002854,-0.018498,-0.003015
0.023671,-0.000037,0.023761,0.002796,-0.018126,-0.002954
0.023196,-0.000037,0.023283,0.002739,-0.017762,-0.002894
0.022729,-0.000036,0.022815,0.002684,-0.017405,-0.002835
0.022273,-0.000035,0.022357,0.002630,-0.017055,-0.002778
0.021828,-0.000034,0.021910,0.002577,-0.016715,-0.002722
0.021397,-0.000034,0.021478,0.002526,-0.016385,-0.002668
0.020980,-0.000033,0.021059,0.002476,-0.016066,-0.002616
0.020576,-0.000032,0.020654,0.002429,-0.015758,-0.002565
0.020185,-0.000032,0.020261,0.002383,-0.015460,-0.002516
0.019807,-0.000031,0.019882,0.002338,-0.015172,-0.002469
0.019442,-0.000031,0.019515,0.002295,-0.014894,-0.002423
0.019089,-0.000030,0.019160,0.002254,-0.014625,-0.002379
0.018747,-0.000029,0.018818,0.002214,-0.014366,-0.002336
0.018417,-0.000029,0.018486,0.002175,-0.014116,-0.002295
0.018099,-0.000028,0.018166,0.002138,-0.013874,-0.002256
0.017791,-0.000028,0.017857,0.002102,-0.013640,-0.002217
0.017493,-0.000027,0.017557,0.002067,-0.013415,-0.002180
0.017204,-0.000026,0.017268,0.002033,-0.013197,-0.002144
0.016925,-0.000026,0.016988,0.002001,-0.012987,-0.002109
0.016655,-0.000025,0.016716,0.001969,-0.012783,-0.002076
0.016393,-0.000025,0.016453,0.001939,-0.012585,-0.002043
0.016139,-0.000024,0.016197,0.001909,-0.012394,-0.002011
0.015892,-0.000024,0.015949,0.001881,-0.012208,-0.001981
0.015652,-0.000023,0.015708,0.001853,-0.012027,-0.001951
0.015417,-0.000023,0.015472,0.001825,-0.011851,-0.001922
0.015189,-0.000022,0.015243,0.001799,-0.011679,-0.001893
0.014965,-0.000022,0.015018,0.001773,-0.011511,-0.001865
0.014746,-0.000022,0.014797,0.001747,-0.011347,-0.001838
0.014530,-0.000021,0.014581,0.001722,-0.011185,-0.001811
0.014318,-0.000021,0.014368,0.001698,-0.011025,-0.001785
0.014109,-0.000020,0.014158,0.001673,-0.010868,-0.001759
0.013903,-0.000020,0.013951,0.001650,-0.010713,-0.001733
0.013700,-0.000019,0.013747,0.001626,-0.010561,-0.001708
0.013500,-0.000019,0.013546,0.001603,-0.010410,-0.001683
0.013304,-0.000019,0.013348,0.001580,-0.010262,-0.001658
0.013110,-0.000018,0.013154,0.001557,-0.010116,-0.001634
0.012919,-0.000018,0.012962,0.001535,-0.009972,-0.001610
0.012730,-0.000018,0.012773,0.001513,-0.009830,-0.001587
0.012545,-0.000017,0.012587,0.001491,-0.009690,-0.001564
0.012362,-0.000017,0.012403,0.001470,-0.009552,-0.001541
0.012183,-0.000017,0.012222,0.001449,-0.009416,-0.001518
0.012005,-0.000016,0.012044,0.001428,-0.009282,-0.001496
0.011831,-0.000016,0.011869,0.001408,-0.009150,-0.001475
0.011659,-0.000016,0.011696,0.001388,-0.009020,-0.001453
0.011489,-0.000015,0.011526,0.001368,-0.008892,-0.001432
0.011322,-0.000015,0.011358,0.001348,-0.008766,-0.001411
0.011158,-0.000015,0.011193,0.001329,-0.008641,-0.001391
0.010996,-0.000014,0.011030,0.001310,-0.008519,-0.001370
0.010836,-0.000014,0.010870,0.001291,-0.008398,-0.001350
0.010679,-0.000014,0.010712,0.001273,-0.008279,-0.001331
0.010524,-0.000013,0.010557,0.001255,-0.008161,-0.001312
0.010372,-0.000013,0.010403,0.001237,-0.008045,-0.001292
0.010221,-0.000013,0.010252,0.001219,-0.007931,-0.001274
0.010073,-0.000013,0.010104,0.001202,-0.007819,-0.001255
0.009927,-0.000012,0.009957,0.001185,-0.007708,-0.001237
0.009783,-0.000012,0.009813,0.001168,-0.007599,-0.001219
0.009642,-0.000012,0.009670,0.001151,-0.007491,-0.001201
0.009502,-0.000012,0.009530,0.001135,-0.007385,-0.001184
0.009365,-0.000011,0.009392,0.001119,-0.007280,-0.001167
0.009229,-0.000011,0.009256,0.001103,-0.007177,-0.001150
0.009096,-0.000011,0.009122,0.001087,-0.007076,-0.001133
0.008964,-0.000011,0.008990,0.001071,-0.006975,-0.001117
0.008835,-0.000011,0.008860,0.001056,-0.006877,-0.001101
0.008707,-0.000010,0.008732,0.001041,-0.006779,-0.001085
0.008581,-0.000010,0.008606,0.001026,-0.006683,-0.001069
0.008457,-0.000010,0.008481,0.001012,-0.006589,-0.001054
0.008335,-0.000010,0.008359,0.000997,-0.006496,-0.001038
0.008215,-0.000010,0.008238,0.000983,-0.006404,-0.001023
0.008096,-0.000009,0.008119,0.000969,-0.006313,-0.001008
0.007979,-0.000009,0.008002,0.000955,-0.006224,-0.000994
0.007864,-0.000009,0.007886,0.000942,-0.006136,-0.000979
0.007751,-0.000009,0.007772,0.000928,-0.006049,-0.000965
0.007639,-0.000009,0.007660,0.000915,-0.005964,-0.000951
0.007529,-0.000008,0.007550,0.000902,-0.005880,-0.000938
0.007421,-0.000008,0.007441,0.000889,-0.005797,-0.000924
0.007314,-0.000008,0.007334,0.000877,-0.005715,-0.000911
0.007209,-0.000008,0.007228,0.000864,-0.005634,-0.000898
0.007105,-0.000008,0.007124,0.000852,-0.005555,-0.000885
0.007003,-0.000008,0.007021,0.000840,-0.005476,-0.000872
0.006902,-0.000007,0.006920,0.000828,-0.005399,-0.000859
0.006803,-0.000007,0.006820,0.000816,-0.005323,-0.000847
0.006705,-0.000007,0.006722,0.000805,-0.005248,-0.000835
0.006609,-0.000007,0.006626,0.000793,-0.005174,-0.000823
0.006514,-0.000007,0.006530,0.000782,-0.005101,-0.000811
0.006420,-0.000007,0.006436,0.000771,-0.005029,-0.000799
0.006328,-0.000007,0.006344,0.000760,-0.004958,-0.000788
0.006237,-0.000006,0.006253,0.000749,-0.004889,-0.000776
0.006147,-0.000006,0.006163,0.000738,-0.004820,-0.000765
0.006059,-0.000006,0.006074,0.000728,-0.004752,-0.000754
0.005972,-0.000006,0.005987,0.000718,-0.004685,-0.000743
0.005887,-0.000006,0.005901,0.000707,-0.004619,-0.000733
0.005802,-0.000006,0.005816,0.000697,-0.004554,-0.000722
0.005719,-0.000006,0.005733,0.000687,-0.004490,-0.000712
0.005637,-0.000006,0.005651,0.000678,-0.004427,-0.000701
0.005557,-0.000006,0.005570,0.000668,-0.004365,-0.000691
0.005479,-0.000005,0.005492,0.000659,-0.004305,-0.000682
0.005404,-0.000005,0.005417,0.000650,-0.004247,-0.000672
0.005332,-0.000005,0.005344,0.000641,-0.004192,-0.000663
0.005263,-0.000005,0.005275,0.000633,-0.004139,-0.000655
0.005198,-0.000005,0.005210,0.000626,-0.004090,-0.000647
0.005138,-0.000005,0.005150,0.000618,-0.004044,-0.000639
0.005082,-0.000005,0.005094,0.000612,-0.004001,-0.000632
0.005032,-0.000005,0.005043,0.000606,-0.003963,-0.000626
0.004986,-0.000005,0.004997,0.000601,-0.003929,-0.000620
0.004946,-0.000004,0.004957,0.000596,-0.003900,-0.000615
0.004912,-0.000004,0.004923,0.000592,-0.003875,-0.000610
0.004884,-0.000004,0.004894,0.000589,-0.003855,-0.000607
0.004862,-0.000004,0.004872,0.000586,-0.003840,-0.000604
0.004847,-0.000004,0.004857,0.000585,-0.003831,-0.000602
0.004838,-0.000004,0.004847,0.000584,-0.003826,-0.000601
0.004835,-0.000004,0.004845,0.000584,-0.003827,-0.000600
0.004840,-0.000004,0.004849,0.000584,-0.003834,-0.000600
0.004851,-0.000004,0.004860,0.000586,-0.003846,-0.000601
0.004869,-0.000004,0.004878,0.000588,-0.003864,-0.000603
0.004894,-0.000004,0.004903,0.000591,-0.003887,-0.000606
0.004925,-0.000004,0.004934,0.000595,-0.003915,-0.000610
0.004964,-0.000004,0.004972,0.000600,-0.003950,-0.000614
0.005009,-0.000003,0.005017,0.000605,-0.003989,-0.000619
0.005060,-0.000003,0.005068,0.000612,-0.004034,-0.000625
0.005118,-0.000003,0.005126,0.000619,-0.004084,-0.000631
0.005182,-0.000003,0.005190,0.000626,-0.004140,-0.000639
0.005252,-0.000003,0.005259,0.000635,-0.004200,-0.000646
0.005327,-0.000003,0.005335,0.000644,-0.004264,-0.000655
0.005408,-0.000003,0.005415,0.000653,-0.004333,-0.000664
0.005494,-0.000003,0.005501,0.000664,-0.004407,-0.000674
0.005585,-0.000003,0.005592,0.000674,-0.004484,-0.000684
0.005680,-0.000003,0.005687,0.000685,-0.004565,-0.000695
0.005780,-0.000003,0.005786,0.000697,-0.004649,-0.000706
0.005882,-0.000003,0.005889,0.000709,-0.004737,-0.000717
0.005989,-0.000003,0.005995,0.000721,-0.004827,-0.000729
0.006097,-0.000003,0.006104,0.000734,-0.004919,-0.000741
0.006209,-0.000003,0.006215,0.000747,-0.005013,-0.000753
0.006321,-0.000003,0.006328,0.000760,-0.005108,-0.000765
0.006435,-0.000002,0.006441,0.000773,-0.005205,-0.000777
0.006550,-0.000002,0.006556,0.000786,-0.005302,-0.000789
0.006665,-0.000002,0.006671,0.000799,-0.005399,-0.000802
0.006779,-0.000002,0.006785,0.000811,-0.005496,-0.000814
0.006892,-0.000002,0.006898,0.000824,-0.005592,-0.000825
0.007004,-0.000002,0.007009,0.000836,-0.005687,-0.000837
0.007113,-0.000002,0.007119,0.000848,-0.005779,-0.000848
0.007219,-0.000002,0.007225,0.000859,-0.005870,-0.000858
0.007322,-0.000002,0.007327,0.000870,-0.005957,-0.000868
0.007421,-0.000002,0.007426,0.000880,-0.006041,-0.000877
0.007514,-0.000002,0.007519,0.000889,-0.006120,-0.000886
0.007602,-0.000002,0.007607,0.000898,-0.006196,-0.000894
0.007683,-0.000002,0.007688,0.000905,-0.006266,-0.000901
0.007758,-0.000002,0.007763,0.000912,-0.006330,-0.000907
0.007825,-0.000002,0.007830,0.000917,-0.006388,-0.000912
0.007884,-0.000002,0.007888,0.000922,-0.006439,-0.000915
0.007934,-0.000002,0.007938,0.000925,-0.006482,-0.000918
0.007974,-0.000002,0.007978,0.000927,-0.006518,-0.000919
0.008004,-0.000002,0.008008,0.000927,-0.006545,-0.000919
0.008023,-0.000002,0.008027,0.000926,-0.006563,-0.000918
0.008030,-0.000002,0.008034,0.000924,-0.006571,-0.000915
0.008025,-0.000002,0.008029,0.000920,-0.006569,-0.000910
0.008007,-0.000002,0.008011,0.000914,-0.006556,-0.000904
0.007976,-0.000002,0.007980,0.000906,-0.006532,-0.000896
0.007930,-0.000002,0.007934,0.000896,-0.006496,-0.000886
0.007870,-0.000001,0.007874,0.000885,-0.006449,-0.000875
0.007795,-0.000001,0.007798,0.000871,-0.006388,-0.000861
0.007704,-0.000001,0.007707,0.000855,-0.006314,-0.000845
0.007596,-0.000001,0.007600,0.000837,-0.006226,-0.000828
0.007472,-0.000001,0.007475,0.000817,-0.006125,-0.000808
0.007330,-0.000001,0.007333,0.000795,-0.006008,-0.000786
0.007183,-0.000001,0.007186,0.000772,-0.005888,-0.000763
0.007038,-0.000001,0.007041,0.000749,-0.005769,-0.000741
0.006897,-0.000001,0.006900,0.000726,-0.005653,-0.000719
0.006758,-0.000001,0.006761,0.000704,-0.005540,-0.000698
0.006622,-0.000001,0.006625,0.000681,-0.005428,-0.000676
0.006489,-0.000001,0.006492,0.000659,-0.005319,-0.000655
0.006359,-0.000001,0.006362,0.000637,-0.005212,-0.000635
0.006231,-0.000001,0.006234,0.000616,-0.005107,-0.000615
0.006106,-0.000001,0.006108,0.000594,-0.005005,-0.000595
0.005983,-0.000001,0.005986,0.000573,-0.004904,-0.000575
0.005863,-0.000001,0.005865,0.000552,-0.004806,-0.000556
0.005745,-0.000001,0.005747,0.000531,-0.004709,-0.000537
0.005629,-0.000001,0.005632,0.000510,-0.004615,-0.000519
0.005516,-0.000001,0.005519,0.000490,-0.004522,-0.000501
0.005405,-0.000001,0.005408,0.000470,-0.004431,-0.000483
0.005297,-0.000001,0.005299,0.000450,-0.004342,-0.000466
0.005190,-0.000001,0.005193,0.000430,-0.004255,-0.000449
0.005086,-0.000001,0.005088,0.000410,-0.004170,-0.000432
0.004984,-0.000001,0.004986,0.000390,-0.004086,-0.000415
0.004883,-0.000001,0.004886,0.000371,-0.004004,-0.000399
0.004785,-0.000001,0.004787,0.000352,-0.003924,-0.000384
0.004689,-0.000001,0.004691,0.000333,-0.003845,-0.000368
0.004595,-0.000001,0.004597,0.000314,-0.003768,-0.000354
0.004503,-0.000001,0.004505,0.000295,-0.003693,-0.000339
0.004412,-0.000001,0.004414,0.000277,-0.003619,-0.000325
0.004323,-0.000001,0.004325,0.000259,-0.003547,-0.000311
0.004236,-0.000001,0.004238,0.000241,-0.003476,-0.000297
0.004151,-0.000001,0.004153,0.000223,-0.003406,-0.000284
0.004068,-0.000001,0.004070,0.000205,-0.003338,-0.000271
0.003986,-0.000001,0.003988,0.000188,-0.003272,-0.000259
0.003906,-0.000001,0.003908,0.000171,-0.003207,-0.000247
0.003827,-0.000001,0.003829,0.000154,-0.003143,-0.000235
0.003751,-0.000001,0.003752,0.000137,-0.003080,-0.000223
0.003675,-0.000001,0.003677,0.000120,-0.003019,-0.000212
0.003601,-0.000001,0.003603,0.000104,-0.002959,-0.000202
0.003529,-0.000001,0.003530,0.000088,-0.002900,-0.000191
0.003458,-0.000001,0.003460,0.000072,-0.002843,-0.000181
0.003388,-0.000001,0.003390,0.000056,-0.002787,-0.000172
0.003320,-0.000001,0.003322,0.000041,-0.002732,-0.000162
0.003254,-0.000001,0.003255,0.000026,-0.002678,-0.000153
0.003188,-0.000001,0.003190,0.000011,-0.002625,-0.000144
0.003124,-0.000001,0.003126,-0.000004,-0.002573,-0.000136
0.003061,-0.000001,0.003063,-0.000018,-0.002522,-0.000128
0.003000,-0.000001,0.003001,-0.000032,-0.002473,-0.000120
0.002940,-0.000001,0.002941,-0.000046,-0.002424,-0.000113
0.002880,-0.000001,0.002882,-0.000059,-0.002377,-0.000106
0.002823,-0.000001,0.002824,-0.000072,-0.002330,-0.000099
0.002766,-0.000001,0.002767,-0.000085,-0.002285,-0.000093
0.002710,-0.000000,0.002711,-0.000098,-0.002240,-0.000087
0.002656,-0.000000,0.002657,-0.000110,-0.002196,-0.000081
0.002602,-0.000000,0.002604,-0.000122,-0.002154,-0.000075
0.002550,-0.000000,0.002551,-0.000134,-0.002112,-0.000070
0.002499,-0.000000,0.002500,-0.000146,-0.002071,-0.000065
0.002449,-0.000000,0.002450,-0.000157,-0.002031,-0.000060
0.002399,-0.000000,0.002400,-0.000167,-0.001992,-0.000056
0.002351,-0.000000,0.002352,-0.000178,-0.001953,-0.000052
0.002304,-0.000000,0.002305,-0.000188,-0.001915,-0.000048
0.002258,-0.000000,0.002259,-0.000198,-0.001879,-0.000044
0.002212,-0.000000,0.002212,-0.000207,-0.001842,-0.000041
0.002168,-0.000000,0.002168,-0.000216,-0.001807,-0.000037
0.002124,-0.000000,0.002124,-0.000225,-0.001773,-0.000034
0.002081,-0.000000,0.002081,-0.000233,-0.001739,-0.000032
0.002040,-0.000000,0.002040,-0.000241,-0.001705,-0.000029
0.001999,-0.000000,0.001999,-0.000249,-0.001673,-0.000027
0.001958,-0.000000,0.001958,-0.000256,-0.001641,-0.000025
0.001919,-0.000000,0.001919,-0.000263,-0.001610,-0.000023
0.001880,-0.000000,0.001880,-0.000269,-0.001579,-0.000021
0.001843,-0.000000,0.001843,-0.000275,-0.001549,-0.000019
0.001806,-0.000000,0.001806,-0.000281,-0.001520,-0.000018
0.001769,-0.000000,0.001769,-0.000286,-0.001491,-0.000016
0.001734,-0.000000,0.001734,-0.000291,-0.001463,-0.000015
0.001699,-0.000000,0.001699,-0.000296,-0.001435,-0.000014
0.001665,-0.000000,0.001665,-0.000300,-0.001408,-0.000013
0.001631,-0.000000,0.001631,-0.000304,-0.001381,-0.000013
0.001599,-0.000000,0.001599,-0.000308,-0.001355,-0.000012
0.001566,-0.000000,0.001566,-0.000311,-0.001330,-0.000011
0.001535,-0.000000,0.001535,-0.000313,-0.001304,-0.000011
0.001504,-0.000000,0.001504,-0.000316,-0.001280,-0.000011
0.001474,-0.000000,0.001474,-0.000318,-0.001256,-0.000010
0.001444,-0.000000,0.001444,-0.000319,-0.001232,-0.000010
0.001415,-0.000000,0.001415,-0.000320,-0.001209,-0.000010
0.001387,-0.000000,0.001387,-0.000321,-0.001186,-0.000010
0.001359,-0.000000,0.001359,-0.000322,-0.001163,-0.000010
0.001332,-0.000000,0.001332,-0.000322,-0.001141,-0.000010
0.001305,-0.000000,0.001305,-0.000322,-0.001119,-0.000010
0.001279,-0.000000,0.001279,-0.000321,-0.001098,-0.000010
0.001253,-0.000000,0.001253,-0.000321,-0.001077,-0.000010
0.001228,-0.000000,0.001228,-0.000319,-0.001057,-0.000010
0.001203,-0.000000,0.001203,-0.000318,-0.001037,-0.000010
0.001179,-0.000000,0.001179,-0.000316,-0.001017,-0.000010
0.001155,-0.000000,0.001155,-0.000314,-0.000997,-0.000010
0.001132,-0.000000,0.001132,-0.000312,-0.000978,-0.000010
0.001109,-0.000000,0.001109,-0.000310,-0.000959,-0.000010
0.001087,-0.000000,0.001087,-0.000307,-0.000941,-0.000011
0.001065,-0.000000,0.001065,-0.000304,-0.000923,-0.000011
0.001044,-0.000000,0.001044,-0.000301,-0.000905,-0.000011
0.001023,-0.000000,0.001023,-0.000298,-0.000887,-0.000011
0.001002,-0.000000,0.001002,-0.000294,-0.000870,-0.000011
0.000982,-0.000000,0.000982,-0.000290,-0.000853,-0.000011
0.000962,-0.000000,0.000962,-0.000287,-0.000836,-0.000011
0.000943,-0.000000,0.000943,-0.000283,-0.000820,-0.000011
0.000924,-0.000000,0.000924,-0.000279,-0.000804,-0.000011
0.000905,-0.000000,0.000905,-0.000274,-0.000788,-0.000011
0.000887,-0.000000,0.000887,-0.000270,-0.000772,-0.000011
0.000869,-0.000000,0.000869,-0.000266,-0.000757,-0.000011
0.000852,-0.000000,0.000852,-0.000261,-0.000742,-0.000011
0.000835,-0.000000,0.000835,-0.000257,-0.000727,-0.000010
0.000818,-0.000000,0.000818,-0.000253,-0.000713,-0.000010
0.000802,-0.000000,0.000802,-0.000248,-0.000699,-0.000010
0.000785,-0.000000,0.000785,-0.000244,-0.000685,-0.000010
0.000770,-0.000000,0.000770,-0.000239,-0.000671,-0.000010
0.000754,-0.000000,0.000754,-0.000235,-0.000658,-0.000010
0.000739,-0.000000,0.000739,-0.000230,-0.000645,-0.000010
0.000724,-0.000000,0.000724,-0.000226,-0.000632,-0.000009
0.000710,-0.000000,0.000710,-0.000221,-0.000619,-0.000009
0.000695,-0.000000,0.000695,-0.000217,-0.000607,-0.000009
0.000681,-0.000000,0.000681,-0.000213,-0.000594,-0.000009
0.000668,-0.000000,0.000668,-0.000209,-0.000583,-0.000009
0.000654,-0.000000,0.000654,-0.000204,-0.000571,-0.000009
0.000641,-0.000000,0.000641,-0.000200,-0.000559,-0.000008
0.000628,-0.000000,0.000628,-0.000196,-0.000548,-0.000008
0.000616,-0.000000,0.000616,-0.000192,-0.000537,-0.000008
0.000603,-0.000000,0.000603,-0.000188,-0.000526,-0.000008
0.000591,-0.000000,0.000591,-0.000185,-0.000516,-0.000008
0.000579,-0.000000,0.000579,-0.000181,-0.000505,-0.000008
0.000568,-0.000000,0.000568,-0.000177,-0.000495,-0.000007
0.000556,-0.000000,0.000556,-0.000174,-0.000485,-0.000007
0.000545,-0.000000,0.000545,-0.000170,-0.000476,-0.000007
0.000533,-0.000000,0.000533,-0.000167,-0.000466,-0.000007
0.000522,-0.000000,0.000522,-0.000164,-0.000456,-0.000007
0.000512,-0.000000,0.000512,-0.000160,-0.000447,-0.000007
0.000507,-0.000000,0.000507,-0.000156,-0.000442,-0.000007
0.000508,-0.000000,0.000508,-0.000152,-0.000440,-0.000008
0.000516,-0.000000,0.000516,-0.000147,-0.000444,-0.000010
0.000533,-0.000000,0.000533,-0.000141,-0.000454,-0.000013
0.000561,-0.000000,0.000561,-0.000134,-0.000471,-0.000017
0.000602,-0.000000,0.000602,-0.000125,-0.000497,-0.000023
0.000657,-0.000000,0.000657,-0.000115,-0.000533,-0.000030
0.000727,-0.000000,0.000727,-0.000103,-0.000579,-0.000039
0.000814,-0.000000,0.000814,-0.000090,-0.000636,-0.000049
0.000919,-0.000000,0.000919,-0.000074,-0.000706,-0.000062
0.001043,-0.000000,0.001043,-0.000057,-0.000789,-0.000077
0.001187,-0.000000,0.001187,-0.000037,-0.000886,-0.000094
0.001353,-0.000000,0.001353,-0.000015,-0.000997,-0.000113
0.001542,-0.000000,0.001542,0.000010,-0.001124,-0.000135
0.001754,-0.000000,0.001754,0.000037,-0.001267,-0.000160
0.001991,-0.000000,0.001991,0.000067,-0.001427,-0.000187
0.002252,-0.000000,0.002252,0.000099,-0.001604,-0.000218
0.002540,-0.000000,0.002540,0.000135,-0.001799,-0.000251
0.002855,-0.000000,0.002855,0.000173,-0.002012,-0.000287
0.003197,-0.000000,0.003197,0.000214,-0.002244,-0.000326
0.003567,-0.000000,0.003567,0.000259,-0.002494,-0.000368
0.003966,-0.000000,0.003966,0.000306,-0.002765,-0.000413
0.004393,-0.000000,0.004393,0.000357,-0.003054,-0.000462
0.004849,-0.000000,0.004849,0.000411,-0.003364,-0.000513
0.005335,-0.000000,0.005335,0.000468,-0.003694,-0.000568
0.005851,-0.000000,0.005851,0.000528,-0.004044,-0.000626
0.006396,-0.000000,0.006396,0.000591,-0.004415,-0.000688
0.006971,-0.000000,0.006971,0.000658,-0.004806,-0.000752
0.007575,-0.000000,0.007575,0.000727,-0.005217,-0.000820
0.008210,-0.000000,0.008210,0.000800,-0.005649,-0.000891
0.008874,-0.000000,0.008874,0.000876,-0.006100,-0.000965
0.009566,-0.000000,0.009566,0.000955,-0.006572,-0.001042
0.010288,-0.000000,0.010288,0.001037,-0.007063,-0.001122
0.011038,-0.000000,0.011038,0.001121,-0.007574,-0.001205
0.011817,-0.000000,0.011817,0.001209,-0.008105,-0.001291
0.012622,-0.000000,0.012622,0.001300,-0.008654,-0.001380
0.013454,-0.000000,0.013454,0.001393,-0.009221,-0.001471
0.014312,-0.000000,0.014312,0.001488,-0.009807,-0.001565
0.015196,-0.000000,0.015196,0.001586,-0.010409,-0.001662
0.016103,-0.000000,0.016103,0.001687,-0.011029,-0.001761
0.017034,-0.000000,0.017034,0.001789,-0.011665,-0.001862
0.017988,-0.000000,0.017988,0.001894,-0.012316,-0.001965
0.018962,-0.000000,0.018962,0.002001,-0.012982,-0.002070
0.019957,-0.000000,0.019957,0.002109,-0.013663,-0.002177
0.020971,-0.000000,0.020971,0.002219,-0.014356,-0.002286
0.022002,-0.000000,0.022002,0.002330,-0.015062,-0.002396
0.023049,-0.000000,0.023049,0.002442,-0.015779,-0.002507
0.024111,-0.000000,0.024111,0.002556,-0.016507,-0.002619
0.025187,-0.000000,0.025187,0.002670,-0.017245,-0.002732
0.026274,-0.000000,0.026274,0.002785,-0.017991,-0.002846
0.027372,-0.000000,0.027372,0.002900,-0.018744,-0.002960
0.028478,-0.000000,0.028478,0.003016,-0.019503,-0.003074
0.029590,-0.000000,0.029590,0.003132,-0.020268,-0.003188
0.030708,-0.000000,0.030708,0.003247,-0.021037,-0.003303
0.031829,-0.000000,0.031829,0.003362,-0.021808,-0.003416
0.032951,-0.000000,0.032951,0.003476,-0.022581,-0.003529
0.034072,-0.000000,0.034072,0.003589,-0.023354,-0.003641
0.035191,-0.000000,0.035191,0.003701,-0.024126,-0.003752
0.036305,-0.000000,0.036305,0.003811,-0.024895,-0.003862
0.037413,-0.000000,0.037413,0.003920,-0.025660,-0.003970
0.038511,-0.000000,0.038511,0.004027,-0.026420,-0.004076
0.039599,-0.000000,0.039599,0.004132,-0.027173,-0.004179
0.040674,-0.000000,0.040674,0.004234,-0.027918,-0.004281
0.041734,-0.000000,0.041734,0.004334,-0.028653,-0.004380
0.042777,-0.000000,0.042777,0.004431,-0.029376,-0.004476
0.043800,-0.000000,0.043800,0.004525,-0.030087,-0.004569
0.044801,-0.000000,0.044801,0.004615,-0.030783,-0.004658
0.045779,-0.000000,0.045779,0.004702,-0.031464,-0.004744
0.046730,-0.000000,0.046730,0.004785,-0.032127,-0.004826
0.047653,-0.000000,0.047653,0.004864,-0.032771,-0.004904
0.048545,-0.000000,0.048545,0.004939,-0.033394,-0.004978
0.049405,-0.000000,0.049405,0.005009,-0.033995,-0.005048
0.050229,-0.000000,0.050229,0.005075,-0.034572,-0.005113
0.051016,-0.000000,0.051016,0.005135,-0.035124,-0.005173
0.051763,-0.000000,0.051763,0.005191,-0.035649,-0.005228
0.052468,-0.000000,0.052468,0.005242,-0.036145,-0.005277
0.053130,-0.000000,0.053130,0.005287,-0.036611,-0.005322
0.053746,-0.000000,0.053746,0.005327,-0.037045,-0.005361
0.054313,-0.000000,0.054313,0.005361,-0.037446,-0.005394
0.054830,-0.000000,0.054830,0.005389,-0.037812,-0.005422
0.055295,-0.000000,0.055295,0.005411,-0.038141,-0.005444
0.055705,-0.000000,0.055705,0.005428,-0.038433,-0.005459
0.056059,-0.000000,0.056059,0.005438,-0.038685,-0.005469
0.056355,-0.000000,0.056355,0.005442,-0.038897,-0.005473
0.056591,-0.000000,0.056591,0.005440,-0.039066,-0.005470
0.056765,-0.000000,0.056765,0.005432,-0.039192,-0.005461
0.056875,-0.000000,0.056875,0.005417,-0.039273,-0.005446
0.056920,-0.000000,0.056920,0.005397,-0.039307,-0.005425
0.056897,-0.000000,0.056897,0.005370,-0.039294,-0.005397
0.056806,-0.000000,0.056806,0.005336,-0.039232,-0.005363
0.056645,-0.000000,0.056645,0.005297,-0.039119,-0.005323
0.056412,-0.000000,0.056412,0.005251,-0.038956,-0.005277
0.056106,-0.000000,0.056106,0.005200,-0.038740,-0.005225
0.055726,-0.000000,0.055726,0.005142,-0.038470,-0.005167
0.055270,-0.000000,0.055270,0.005079,-0.038147,-0.005103
0.054737,-0.000000,0.054737,0.005010,-0.037767,-0.005033
0.054127,-0.000000,0.054127,0.004935,-0.037331,-0.004958
0.053438,-0.000000,0.053438,0.004855,-0.036838,-0.004878
0.052669,-0.000000,0.052669,0.004770,-0.036287,-0.004792
0.051819,-0.000000,0.051819,0.004680,-0.035677,-0.004702
0.050888,-0.000000,0.050888,0.004585,-0.035008,-0.004607
0.049875,-0.000000,0.049875,0.004486,-0.034279,-0.004507
0.048873,-0.000000,0.048873,0.004388,-0.033556,-0.004409
0.047890,-0.000000,0.047890,0.004292,-0.032846,-0.004312
0.046928,-0.000000,0.046928,0.004197,-0.032149,-0.004217
0.045985,-0.000000,0.045985,0.004103,-0.031465,-0.004123
0.045060,-0.000000,0.045060,0.004012,-0.030794,-0.004031
0.044155,-0.000000,0.044155,0.003921,-0.030134,-0.003940
0.043267,-0.000000,0.043267,0.003833,-0.029487,-0.003851
0.042397,-0.000000,0.042397,0.003745,-0.028851,-0.003763
0.041545,-0.000000,0.041545,0.003659,-0.028227,-0.003677
0.040710,-0.000000,0.040710,0.003575,-0.027614,-0.003592
0.039892,-0.000000,0.039892,0.003492,-0.027012,-0.003508
0.039090,-0.000000,0.039090,0.003410,-0.026420,-0.003426
0.038304,-0.000000,0.038304,0.003329,-0.025839,-0.003345
0.037534,-0.000000,0.037534,0.003250,-0.025269,-0.003266
0.036780,-0.000000,0.036780,0.003172,-0.024708,-0.003187
0.036041,-0.000000,0.036041,0.003095,-0.024157,-0.003110
0.035316,-0.000000,0.035316,0.003019,-0.023616,-0.003034
0.034606,-0.000000,0.034606,0.002944,-0.023084,-0.002959
0.033911,-0.000000,0.033911,0.002871,-0.022561,-0.002885
0.033158,-0.000000,0.033158,0.002820,-0.021952,-0.002834
0.032343,-0.000000,0.032343,0.002795,-0.021250,-0.002809
0.031465,-0.000000,0.031465,0.002796,-0.020457,-0.002810
0.030527,-0.000000,0.030527,0.002825,-0.019577,-0.002838
0.029530,-0.000000,0.029530,0.002880,-0.018611,-0.002893
0.028476,-0.000000,0.028476,0.002964,-0.017564,-0.002976
0.027365,-0.000000,0.027365,0.003075,-0.016437,-0.003088
0.026199,-0.000000,0.026199,0.003216,-0.015235,-0.003228
0.024979,-0.000000,0.024979,0.003386,-0.013960,-0.003398
0.023709,-0.000000,0.023709,0.003585,-0.012615,-0.003597
0.022388,-0.000000,0.022388,0.003814,-0.011204,-0.003826
0.021018,-0.000000,0.021018,0.004073,-0.009731,-0.004085
0.019602,-0.000000,0.019602,0.004363,-0.008198,-0.004374
0.018141,-0.000000,0.018141,0.004683,-0.006608,-0.004694
0.016636,-0.000000,0.016636,0.005034,-0.004967,-0.005044
0.015091,-0.000000,0.015091,0.005415,-0.003276,-0.005425
0.013505,-0.000000,0.013505,0.005827,-0.001540,-0.005837
0.011882,-0.000000,0.011882,0.006269,0.000237,-0.006279
0.010224,-0.000000,0.010224,0.006742,0.002053,-0.006751
0.008531,-0.000000,0.008531,0.007245,0.003903,-0.007254
0.006827,-0.000000,0.006827,0.007785,0.005778,-0.007795
0.005112,-0.000000,0.005112,0.008363,0.007676,-0.008372
0.003386,-0.000000,0.003386,0.008978,0.009592,-0.008987
0.001649,-0.000000,0.001649,0.009627,0.011524,-0.009636
-0.000098,-0.000000,-0.000098,0.010311,0.013468,-0.010320
-0.001856,-0.000000,-0.001856,0.011028,0.015420,-0.011037
-0.003623,-0.000000,-0.003623,0.011777,0.017378,-0.011785
-0.005399,-0.000000,-0.005399,0.012556,0.019337,-0.012564
-0.007184,-0.000000,-0.007184,0.013364,0.021296,-0.013372
-0.008978,-0.000000,-0.008978,0.014199,0.023249,-0.014207
-0.010779,-0.000000,-0.010779,0.015060,0.025194,-0.015068
-0.012588,-0.000000,-0.012588,0.015944,0.027128,-0.015952
-0.014404,-0.000000,-0.014404,0.016851,0.029048,-0.016858
-0.016226,-0.000000,-0.016226,0.017777,0.030951,-0.017784
-0.018054,-0.000000,-0.018054,0.018720,0.032834,-0.018727
-0.019887,-0.000000,-0.019887,0.019680,0.034694,-0.019687
-0.021723,-0.000000,-0.021723,0.020652,0.036527,-0.020659
-0.023564,-0.000000,-0.023564,0.021636,0.038333,-0.021642
-0.025407,-0.000000,-0.025407,0.022628,0.040108,-0.022634
-0.027252,-0.000000,-0.027252,0.023626,0.041849,-0.023632
-0.029099,-0.000000,-0.029099,0.024627,0.043555,-0.024633
-0.030946,-0.000000,-0.030946,0.025629,0.045224,-0.025635
-0.032792,-0.000000,-0.032792,0.026629,0.046853,-0.026635
-0.034637,-0.000000,-0.034637,0.027624,0.048441,-0.027630
-0.036479,-0.000000,-0.036479,0.028612,0.049986,-0.028617
-0.038318,-0.000000,-0.038318,0.029589,0.051487,-0.029594
-0.040141,-0.000000,-0.040141,0.030558,0.052938,-0.030563
-0.041931,-0.000000,-0.041931,0.031522,0.054329,-0.031527
-0.043687,-0.000000,-0.043687,0.032479,0.055659,-0.032484
-0.045405,-0.000000,-0.045405,0.033428,0.056927,-0.033433
-0.047083,-0.000000,-0.047083,0.034365,0.058130,-0.034370
-0.048720,-0.000000,-0.048720,0.035289,0.059268,-0.035294
-0.050311,-0.000000,-0.050311,0.036198,0.060338,-0.036203
-0.051856,-0.000000,-0.051856,0.037089,0.061339,-0.037094
-0.053352,-0.000000,-0.053352,0.037960,0.062271,-0.037964
-0.054797,-0.000000,-0.054797,0.038809,0.063133,-0.038813
-0.056188,-0.000000,-0.056188,0.039633,0.063923,-0.039637
-0.057522,-0.000000,-0.057522,0.040431,0.064642,-0.040435
-0.058799,-0.000000,-0.058799,0.041200,0.065288,-0.041204
-0.060016,-0.000000,-0.060016,0.041937,0.065862,-0.041942
-0.061171,-0.000000,-0.061171,0.042642,0.066363,-0.042646
-0.062261,-0.000000,-0.062261,0.043312,0.066791,-0.043316
-0.063284,-0.000000,-0.063284,0.043943,0.067148,-0.043947
-0.064239,-0.000000,-0.064239,0.044536,0.067432,-0.044540
-0.065124,-0.000000,-0.065124,0.045087,0.067644,-0.045091
-0.065937,-0.000000,-0.065937,0.045595,0.067786,-0.045598
-0.066675,-0.000000,-0.066675,0.046057,0.067858,-0.046061
-0.067338,-0.000000,-0.067338,0.046472,0.067861,-0.046476
-0.067923,-0.000000,-0.067923,0.046838,0.067796,-0.046842
-0.068429,-0.000000,-0.068429,0.047154,0.067665,-0.047157
-0.068854,-0.000000,-0.068854,0.047417,0.067468,-0.047421
-0.069197,-0.000000,-0.069197,0.047627,0.067207,-0.047630
-0.069456,-0.000000,-0.069456,0.047781,0.066885,-0.047784
-0.069629,-0.000000,-0.069629,0.047879,0.066501,-0.047882
-0.069717,-0.000000,-0.069717,0.047919,0.066060,-0.047922
-0.069716,-0.000000,-0.069716,0.047900,0.065562,-0.047903
-0.069627,-0.000000,-0.069627,0.047820,0.065009,-0.047823
-0.069447,-0.000000,-0.069447,0.047680,0.064404,-0.047683
-0.069177,-0.000000,-0.069177,0.047477,0.063748,-0.047480
-0.068815,-0.000000,-0.068815,0.047212,0.063045,-0.047214
-0.068360,-0.000000,-0.068360,0.046883,0.062297,-0.046885
-0.067811,-0.000000,-0.067811,0.046490,0.061505,-0.046492
-0.067169,-0.000000,-0.067169,0.046032,0.060673,-0.046035
-0.066431,-0.000000,-0.066431,0.045509,0.059803,-0.045512
-0.065599,-0.000000,-0.065599,0.044922,0.058897,-0.044924
-0.064670,-0.000000,-0.064670,0.044269,0.057958,-0.044271
-0.063646,-0.000000,-0.063646,0.043550,0.056990,-0.043553
-0.062526,-0.000000,-0.062526,0.042767,0.055993,-0.042769
-0.061310,-0.000000,-0.061310,0.041918,0.054972,-0.041920
-0.060077,-0.000000,-0.060077,0.041059,0.053955,-0.041061
-0.058870,-0.000000,-0.058870,0.040218,0.052956,-0.040220
-0.057686,-0.000000,-0.057686,0.039394,0.051975,-0.039396
-0.056527,-0.000000,-0.056527,0.038587,0.051011,-0.038589
-0.055391,-0.000000,-0.055391,0.037796,0.050064,-0.037798
-0.054277,-0.000000,-0.054277,0.037022,0.049133,-0.037024
-0.053186,-0.000000,-0.053186,0.036263,0.048219,-0.036265
-0.052117,-0.000000,-0.052117,0.035520,0.047321,-0.035522
-0.051070,-0.000000,-0.051070,0.034792,0.046438,-0.034794
-0.050043,-0.000000,-0.050043,0.034080,0.045571,-0.034082
-0.049037,-0.000000,-0.049037,0.033382,0.044719,-0.033384
-0.048052,-0.000000,-0.048052,0.032698,0.043882,-0.032700
-0.047086,-0.000000,-0.047086,0.032029,0.043060,-0.032030
-0.046139,-0.000000,-0.046139,0.031373,0.042252,-0.031375
-0.045212,-0.000000,-0.045212,0.030731,0.041458,-0.030732
-0.044303,-0.000000,-0.044303,0.030102,0.040678,-0.030103
-0.043413,-0.000000,-0.043413,0.029486,0.039912,-0.029487
-0.042540,-0.000000,-0.042540,0.028882,0.039159,-0.028884
-0.041685,-0.000000,-0.041685,0.028292,0.038419,-0.028293
-0.040847,-0.000000,-0.040847,0.027713,0.037692,-0.027715
-0.040026,-0.000000,-0.040026,0.027147,0.036977,-0.027148
-0.039222,-0.000000,-0.039222,0.026592,0.036275,-0.026593
-0.038433,-0.000000,-0.038433,0.026048,0.035586,-0.026050
-0.037661,-0.000000,-0.037661,0.025516,0.034908,-0.025518
-0.036904,-0.000000,-0.036904,0.024995,0.034243,-0.024997
-0.036162,-0.000000,-0.036162,0.024485,0.033589,-0.024487
-0.035435,-0.000000,-0.035435,0.023986,0.032947,-0.023987
-0.034723,-0.000000,-0.034723,0.023496,0.032315,-0.023498
-0.034025,-0.000000,-0.034025,0.023017,0.031696,-0.023018
-0.033341,-0.000000,-0.033341,0.022548,0.031087,-0.022549
-0.032671,-0.000000,-0.032671,0.022088,0.030488,-0.022090
-0.032014,-0.000000,-0.032014,0.021639,0.029901,-0.021640
-0.031371,-0.000000,-0.031371,0.021198,0.029324,-0.021199
-0.030740,-0.000000,-0.030740,0.020767,0.028757,-0.020768
-0.030122,-0.000000,-0.030122,0.020344,0.028200,-0.020345
-0.029517,-0.000000,-0.029517,0.019930,0.027653,-0.019931
-0.028924,-0.000000,-0.028924,0.019525,0.027116,-0.019526
-0.028342,-0.000000,-0.028342,0.019128,0.026589,-0.019129
-0.027773,-0.000000,-0.027773,0.018740,0.026071,-0.018741
-0.027214,-0.000000,-0.027214,0.018359,0.025563,-0.018360
-0.026667,-0.000000,-0.026667,0.017987,0.025064,-0.017988
-0.026131,-0.000000,-0.026131,0.017622,0.024573,-0.017623
-0.025606,-0.000000,-0.025606,0.017264,0.024092,-0.017265
-0.025091,-0.000000,-0.025091,0.016914,0.023620,-0.016915
-0.024587,-0.000000,-0.024587,0.016572,0.023156,-0.016573
-0.024093,-0.000000,-0.024093,0.016236,0.022701,-0.016237
-0.023609,-0.000000,-0.023609,0.015907,0.022254,-0.015908
-0.023134,-0.000000,-0.023134,0.015585,0.021815,-0.015586
-0.022669,-0.000000,-0.022669,0.015270,0.021385,-0.015271
-0.022213,-0.000000,-0.022213,0.014961,0.020963,-0.014962
-0.021767,-0.000000,-0.021767,0.014659,0.020548,-0.014659
-0.021329,-0.000000,-0.021329,0.014362,0.020141,-0.014363
-0.020901,-0.000000,-0.020901,0.014072,0.019742,-0.014073
-0.020481,-0.000000,-0.020481,0.013788,0.019350,-0.013789
-0.020069,-0.000000,-0.020069,0.013510,0.018966,-0.013510
-0.019666,-0.000000,-0.019666,0.013237,0.018589,-0.013238
-0.019270,-0.000000,-0.019270,0.012970,0.018219,-0.012971
-0.018883,-0.000000,-0.018883,0.012708,0.017857,-0.012709
-0.018503,-0.000000,-0.018503,0.012452,0.017501,-0.012453
-0.018131,-0.000000,-0.018131,0.012201,0.017152,-0.012202
-0.017767,-0.000000,-0.017767,0.011955,0.016810,-0.011956
-0.017410,-0.000000,-0.017410,0.011714,0.016474,-0.011715
-0.017060,-0.000000,-0.017060,0.011478,0.016145,-0.011479
-0.016717,-0.000000,-0.016717,0.011247,0.015822,-0.011248
-0.016381,-0.000000,-0.016381,0.011020,0.015505,-0.011021
-0.016052,-0.000000,-0.016052,0.010799,0.015195,-0.010799
-0.015729,-0.000000,-0.015729,0.010581,0.014891,-0.010582
-0.015413,-0.000000,-0.015413,0.010368,0.014593,-0.010369
-0.015103,-0.000000,-0.015103,0.010160,0.014300,-0.010160
-0.014800,-0.000000,-0.014800,0.009955,0.014013,-0.009956
-0.014502,-0.000000,-0.014502,0.009755,0.013732,-0.009755
-0.014211,-0.000000,-0.014211,0.009559,0.013457,-0.009559
-0.013925,-0.000000,-0.013925,0.009366,0.013187,-0.009367
-0.013645,-0.000000,-0.013645,0.009178,0.012922,-0.009179
-0.013371,-0.000000,-0.013371,0.008993,0.012662,-0.008994
-0.013102,-0.000000,-0.013102,0.008813,0.012408,-0.008813
-0.012839,-0.000000,-0.012839,0.008635,0.012159,-0.008636
-0.012581,-0.000000,-0.012581,0.008462,0.011915,-0.008462
-0.012328,-0.000000,-0.012328,0.008292,0.011675,-0.008292
-0.012080,-0.000000,-0.012080,0.008125,0.011441,-0.008125
-0.011837,-0.000000,-0.011837,0.007962,0.011211,-0.007962
-0.011599,-0.000000,-0.011599,0.007802,0.010986,-0.007802
-0.011366,-0.000000,-0.011366,0.007645,0.010765,-0.007645
-0.011138,-0.000000,-0.011138,0.007491,0.010548,-0.007492
-0.010914,-0.000000,-0.010914,0.007341,0.010336,-0.007341
-0.010694,-0.000000,-0.010694,0.007193,0.010129,-0.007193
-0.010480,-0.000000,-0.010480,0.007048,0.009925,-0.007049
-0.010269,-0.000000,-0.010269,0.006907,0.009726,-0.006907
-0.010062,-0.000000,-0.010062,0.006768,0.009530,-0.006768
-0.009860,-0.000000,-0.009860,0.006632,0.009339,-0.006632
-0.009662,-0.000000,-0.009662,0.006499,0.009151,-0.006499
-0.009468,-0.000000,-0.009468,0.006368,0.008967,-0.006368
-0.009278,-0.000000,-0.009278,0.006240,0.008787,-0.006240
-0.009091,-0.000000,-0.009091,0.006115,0.008610,-0.006115
-0.008908,-0.000000,-0.008908,0.005992,0.008437,-0.005992
-0.008729,-0.000000,-0.008729,0.005871,0.008267,-0.005872
-0.008554,-0.000000,-0.008554,0.005753,0.008101,-0.005754
-0.008382,-0.000000,-0.008382,0.005637,0.007938,-0.005638
-0.008213,-0.000000,-0.008213,0.005524,0.007779,-0.005525
-0.008048,-0.000000,-0.008048,0.005413,0.007623,-0.005414
-0.007887,-0.000000,-0.007887,0.005304,0.007469,-0.005305
-0.007728,-0.000000,-0.007728,0.005197,0.007319,-0.005198
-0.007573,-0.000000,-0.007573,0.005093,0.007172,-0.005094
-0.007420,-0.000000,-0.007420,0.004990,0.007028,-0.004991
-0.007271,-0.000000,-0.007271,0.004889,0.006887,-0.004891
-0.007125,-0.000000,-0.007125,0.004791,0.006749,-0.004793
-0.006982,-0.000000,-0.006982,0.004694,0.006613,-0.004696
-0.006842,-0.000000,-0.006842,0.004599,0.006481,-0.004602
-0.006704,-0.000000,-0.006704,0.004506,0.006351,-0.004510
-0.006569,-0.000000,-0.006569,0.004414,0.006223,-0.004419
-0.006437,-0.000000,-0.006437,0.004325,0.006098,-0.004330
-0.006308,-0.000000,-0.006308,0.004237,0.005976,-0.004243
-0.006181,-0.000000,-0.006181,0.004150,0.005857,-0.004158
-0.006057,-0.000000,-0.006057,0.004065,0.005739,-0.004075
-0.005935,-0.000000,-0.005935,0.003982,0.005624,-0.003993
-0.005816,-0.000000,-0.005816,0.003900,0.005512,-0.003913
-0.005699,-0.000000,-0.005699,0.003820,0.005402,-0.003835
-0.005584,-0.000000,-0.005584,0.003740,0.005294,-0.003758
-0.005472,-0.000000,-0.005472,0.003663,0.005188,-0.003682
-0.005362,-0.000000,-0.005362,0.003586,0.005085,-0.003609
-0.005254,-0.000000,-0.005254,0.003511,0.004984,-0.003536
-0.005149,-0.000000,-0.005149,0.003437,0.004884,-0.003465
-0.005045,-0.000000,-0.005045,0.003365,0.004787,-0.003396
-0.004944,-0.000000,-0.004944,0.003293,0.004692,-0.003328
-0.004844,-0.000000,-0.004844,0.003223,0.004599,-0.003261
-0.004747,-0.000000,-0.004747,0.003154,0.004508,-0.003196
-0.004652,-0.000000,-0.004652,0.003085,0.004419,-0.003132
-0.004558,-0.000000,-0.004558,0.003018,0.004331,-0.003069
-0.004467,-0.000000,-0.004467,0.002952,0.004246,-0.003008
-0.004377,-0.000000,-0.004377,0.002887,0.004162,-0.002948
-0.004289,-0.000000,-0.004289,0.002823,0.004080,-0.002889
-0.004203,-0.000000,-0.004203,0.002760,0.004000,-0.002831
-0.004118,-0.000000,-0.004118,0.002697,0.003921,-0.002774
-0.004035,-0.000000,-0.004035,0.002636,0.003844,-0.002718
-0.003954,-0.000000,-0.003954,0.002576,0.003769,-0.002664
-0.003875,-0.000000,-0.003875,0.002516,0.003695,-0.002610
-0.003797,-0.000000,-0.003797,0.002457,0.003623,-0.002558
-0.003721,-0.000000,-0.003721,0.002399,0.003552,-0.002506
-0.003646,-0.000000,-0.003646,0.002342,0.003483,-0.002455
-0.003573,-0.000000,-0.003573,0.002286,0.003415,-0.002406
-0.003501,-0.000000,-0.003501,0.002231,0.003349,-0.002357
-0.003430,-0.000000,-0.003430,0.002176,0.003284,-0.002309
-0.003361,-0.000000,-0.003361,0.002123,0.003220,-0.002262
-0.003294,-0.000000,-0.003294,0.002070,0.003157,-0.002216
-0.003228,-0.000000,-0.003228,0.002017,0.003096,-0.002171
-0.003163,-0.000000,-0.003163,0.001966,0.003036,-0.002126
-0.003099,-0.000000,-0.003099,0.001915,0.002978,-0.002083
-0.003037,-0.000000,-0.003037,0.001865,0.002920,-0.002040
-0.002976,-0.000000,-0.002976,0.001816,0.002864,-0.001997
-0.002916,-0.000000,-0.002916,0.001768,0.002809,-0.001956
-0.002857,-0.000000,-0.002857,0.001720,0.002755,-0.001915
-0.002800,-0.000000,-0.002800,0.001673,0.002702,-0.001875
-0.002744,-0.000000,-0.002744,0.001627,0.002650,-0.001835
-0.002689,-0.000000,-0.002689,0.001581,0.002599,-0.001796
-0.002635,-0.000000,-0.002635,0.001536,0.002549,-0.001758
-0.002582,-0.000000,-0.002582,0.001492,0.002500,-0.001721
-0.002530,-0.000000,-0.002530,0.001449,0.002452,-0.001684
-0.002479,-0.000000,-0.002479,0.001406,0.002405,-0.001647
-0.002429,-0.000000,-0.002429,0.001364,0.002358,-0.001611
-0.002380,-0.000000,-0.002380,0.001323,0.002313,-0.001576
-0.002332,-0.000000,-0.002332,0.001282,0.002269,-0.001541
-0.002285,-0.000000,-0.002285,0.001242,0.002225,-0.001507
-0.002240,-0.000000,-0.002240,0.001203,0.002182,-0.001473
-0.002195,-0.000000,-0.002195,0.001165,0.002141,-0.001440
-0.002150,-0.000000,-0.002150,0.001127,0.002099,-0.001407
-0.002107,-0.000000,-0.002107,0.001090,0.002059,-0.001375
-0.002065,-0.000000,-0.002065,0.001053,0.002019,-0.001343
-0.002023,-0.000000,-0.002023,0.001018,0.001981,-0.001312
-0.001983,-0.000000,-0.001983,0.000983,0.001942,-0.001281
-0.001943,-0.000000,-0.001943,0.000948,0.001905,-0.001250
-0.001904,-0.000000,-0.001904,0.000915,0.001868,-0.001220
-0.001865,-0.000000,-0.001865,0.000882,0.001832,-0.001191
-0.001828,-0.000000,-0.001828,0.000850,0.001797,-0.001162
-0.001791,-0.000000,-0.001791,0.000818,0.001762,-0.001133
-0.001755,-0.000000,-0.001755,0.000787,0.001728,-0.001105
-0.001720,-0.000000,-0.001720,0.000757,0.001695,-0.001077
-0.001685,-0.000000,-0.001685,0.000727,0.001662,-0.001050
-0.001652,-0.000000,-0.001652,0.000698,0.001629,-0.001023
-0.001618,-0.000000,-0.001618,0.000670,0.001598,-0.000996
-0.001586,-0.000000,-0.001586,0.000642,0.001567,-0.000970
-0.001554,-0.000000,-0.001554,0.000615,0.001536,-0.000944
-0.001523,-0.000000,-0.001523,0.000589,0.001506,-0.000918
-0.001492,-0.000000,-0.001492,0.000563,0.001477,-0.000893
-0.001462,-0.000000,-0.001462,0.000538,0.001448,-0.000869
-0.001433,-0.000000,-0.001433,0.000514,0.001420,-0.000844
-0.001404,-0.000000,-0.001404,0.000490,0.001392,-0.000821
-0.001376,-0.000000,-0.001376,0.000467,0.001364,-0.000797
-0.001348,-0.000000,-0.001348,0.000444,0.001338,-0.000774
-0.001321,-0.000000,-0.001321,0.000422,0.001311,-0.000751
-0.001294,-0.000000,-0.001294,0.000401,0.001285,-0.000729
-0.001268,-0.000000,-0.001268,0.000380,0.001260,-0.000707
-0.001243,-0.000000,-0.001243,0.000360,0.001235,-0.000685
-0.001218,-0.000000,-0.001218,0.000340,0.001211,-0.000664
-0.001193,-0.000000,-0.001193,0.000321,0.001187,-0.000643
-0.001169,-0.000000,-0.001169,0.000303,0.001163,-0.000622
-0.001146,-0.000000,-0.001146,0.000285,0.001140,-0.000602
-0.001123,-0.000000,-0.001123,0.000268,0.001118,-0.000583
-0.001100,-0.000000,-0.001100,0.000251,0.001095,-0.000563
-0.001078,-0.000000,-0.001078,0.000235,0.001074,-0.000544
-0.001057,-0.000000,-0.001057,0.000219,0.001052,-0.000526
-0.001035,-0.000000,-0.001035,0.000204,0.001031,-0.000507
-0.001014,-0.000000,-0.001014,0.000189,0.001011,-0.000489
-0.000994,-0.000000,-0.000994,0.000175,0.000990,-0.000472
-0.000974,-0.000000,-0.000974,0.000162,0.000971,-0.000455
-0.000955,-0.000000,-0.000955,0.000149,0.000951,-0.000438
-0.000935,-0.000000,-0.000935,0.000136,0.000932,-0.000422
-0.000917,-0.000000,-0.000917,0.000124,0.000913,-0.000406
-0.000898,-0.000000,-0.000898,0.000112,0.000895,-0.000390
-0.000880,-0.000000,-0.000880,0.000101,0.000877,-0.000375
-0.000862,-0.000000,-0.000862,0.000091,0.000860,-0.000360
-0.000845,-0.000000,-0.000845,0.000081,0.000842,-0.000345
-0.000828,-0.000000,-0.000828,0.000071,0.000825,-0.000331
-0.000811,-0.000000,-0.000811,0.000061,0.000809,-0.000317
-0.000795,-0.000000,-0.000795,0.000053,0.000793,-0.000304
-0.000779,-0.000000,-0.000779,0.000044,0.000777,-0.000291
-0.000763,-0.000000,-0.000763,0.000036,0.000761,-0.000278
-0.000748,-0.000000,-0.000748,0.000028,0.000746,-0.000266
-0.000733,-0.000000,-0.000733,0.000021,0.000731,-0.000254
-0.000718,-0.000000,-0.000718,0.000014,0.000716,-0.000243
-0.000704,-0.000000,-0.000704,0.000008,0.000701,-0.000232
-0.000666,-0.000000,-0.000666,-0.000003,0.000672,-0.000217
-0.000606,-0.000000,-0.000606,-0.000016,0.000628,-0.000199
-0.000525,-0.000000,-0.000525,-0.000033,0.000571,-0.000178
-0.000426,-0.000000,-0.000426,-0.000052,0.000502,-0.000154
-0.000309,-0.000000,-0.000309,-0.000074,0.000422,-0.000127
-0.000175,-0.000000,-0.000175,-0.000098,0.000331,-0.000098
-0.000027,-0.000000,-0.000027,-0.000125,0.000230,-0.000067
0.000136,-0.000000,0.000136,-0.000154,0.000121,-0.000033
0.000311,-0.000000,0.000311,-0.000184,0.000003,0.000002
0.000497,-0.000000,0.000497,-0.000217,-0.000122,0.000038
0.000693,-0.000000,0.000693,-0.000250,-0.000253,0.000076
0.000899,-0.000000,0.000899,-0.000285,-0.000390,0.000115
0.001111,-0.000000,0.001111,-0.000321,-0.000531,0.000155
0.001331,-0.000000,0.001331,-0.000358,-0.000677,0.000196
0.001556,-0.000000,0.001556,-0.000396,-0.000826,0.000238
0.001785,-0.000000,0.001785,-0.000434,-0.000978,0.000280
0.002017,-0.000000,0.002017,-0.000472,-0.001131,0.000322
0.002251,-0.000000,0.002251,-0.000511,-0.001286,0.000365
0.002487,-0.000000,0.002487,-0.000549,-0.001441,0.000407
0.002722,-0.000000,0.002722,-0.000588,-0.001597,0.000449
0.002957,-0.000000,0.002957,-0.000626,-0.001752,0.000491
0.003191,-0.000000,0.003191,-0.000664,-0.001905,0.000532
0.003421,-0.000000,0.003421,-0.000702,-0.002057,0.000573
0.003649,-0.000000,0.003649,-0.000738,-0.002207,0.000613
0.003872,-0.000000,0.003872,-0.000774,-0.002353,0.000652
0.004091,-0.000000,0.004091,-0.000809,-0.002497,0.000690
0.004303,-0.000000,0.004303,-0.000843,-0.002636,0.000727
0.004510,-0.000000,0.004510,-0.000876,-0.002772,0.000763
0.004710,-0.000000,0.004710,-0.000908,-0.002903,0.000797
0.004902,-0.000000,0.004902,-0.000938,-0.003029,0.000830
0.005087,-0.000000,0.005087,-0.000967,-0.003150,0.000862
0.005263,-0.000000,0.005263,-0.000994,-0.003266,0.000892
0.005431,-0.000000,0.005431,-0.001021,-0.003376,0.000921
0.005589,-0.000000,0.005589,-0.001045,-0.003480,0.000947
0.005738,-0.000000,0.005738,-0.001068,-0.003577,0.000973
0.005877,-0.000000,0.005877,-0.001089,-0.003669,0.000996
0.006006,-0.000000,0.006006,-0.001109,-0.003753,0.001018
0.006125,-0.000000,0.006125,-0.001127,-0.003832,0.001038
0.006234,-0.000000,0.006234,-0.001143,-0.003903,0.001056
0.006332,-0.000000,0.006332,-0.001157,-0.003968,0.001072
0.006420,-0.000000,0.006420,-0.001170,-0.004026,0.001087
0.006497,-0.000000,0.006497,-0.001181,-0.004077,0.001100
0.006564,-0.000000,0.006564,-0.001190,-0.004121,0.001111
0.006621,-0.000000,0.006621,-0.001197,-0.004159,0.001120
0.006667,-0.000000,0.006667,-0.001203,-0.004190,0.001127
0.006703,-0.000000,0.006703,-0.001207,-0.004215,0.001133
0.006730,-0.000000,0.006730,-0.001210,-0.004233,0.001137
0.006747,-0.000000,0.006747,-0.001211,-0.004246,0.001140
0.006754,-0.000000,0.006754,-0.001210,-0.004252,0.001141
0.006753,-0.000000,0.006753,-0.001208,-0.004252,0.001140
0.006743,-0.000000,0.006743,-0.001205,-0.004247,0.001138
0.006725,-0.000000,0.006725,-0.001200,-0.004237,0.001135
0.006699,-0.000000,0.006699,-0.001194,-0.004221,0.001130
0.006665,-0.000000,0.006665,-0.001187,-0.004201,0.001124
0.006625,-0.000000,0.006625,-0.001178,-0.004176,0.001117
0.006578,-0.000000,0.006578,-0.001169,-0.004147,0.001109
0.006525,-0.000000,0.006525,-0.001158,-0.004115,0.001099
0.006467,-0.000000,0.006467,-0.001147,-0.004078,0.001089
0.006404,-0.000000,0.006404,-0.001135,-0.004039,0.001079
0.006337,-0.000000,0.006337,-0.001123,-0.003997,0.001067
0.006266,-0.000000,0.006266,-0.001109,-0.003953,0.001055
0.006192,-0.000000,0.006192,-0.001096,-0.003907,0.001042
0.006116,-0.000000,0.006116,-0.001082,-0.003859,0.001029
0.006038,-0.000000,0.006038,-0.001067,-0.003811,0.001016
0.005959,-0.000000,0.005959,-0.001053,-0.003761,0.001003
0.005880,-0.000000,0.005880,-0.001039,-0.003711,0.000989
0.005801,-0.000000,0.005801,-0.001024,-0.003662,0.000976
0.005724,-0.000000,0.005724,-0.001010,-0.003613,0.000963
0.005647,-0.000000,0.005647,-0.000996,-0.003565,0.000950
0.005571,-0.000000,0.005571,-0.000982,-0.003517,0.000937
0.005496,-0.000000,0.005496,-0.000969,-0.003470,0.000924
0.005422,-0.000000,0.005422,-0.000955,-0.003424,0.000912
0.005349,-0.000000,0.005349,-0.000942,-0.003378,0.000899
0.005278,-0.000000,0.005278,-0.000929,-0.003333,0.000887
0.005207,-0.000000,0.005207,-0.000916,-0.003288,0.000875
0.005137,-0.000000,0.005137,-0.000903,-0.003244,0.000863
0.005068,-0.000000,0.005068,-0.000891,-0.003201,0.000852
0.005000,-0.000000,0.005000,-0.000879,-0.003158,0.000840
0.004932,-0.000000,0.004932,-0.000866,-0.003116,0.000829
0.004866,-0.000000,0.004866,-0.000854,-0.003074,0.000817
0.004801,-0.000000,0.004801,-0.000843,-0.003033,0.000806
0.004736,-0.000000,0.004736,-0.000831,-0.002992,0.000795
0.004672,-0.000000,0.004672,-0.000819,-0.002952,0.000785
0.004609,-0.000000,0.004609,-0.000808,-0.002913,0.000774
0.004547,-0.000000,0.004547,-0.000797,-0.002874,0.000763
0.004486,-0.000000,0.004486,-0.000786,-0.002835,0.000753
0.004426,-0.000000,0.004426,-0.000775,-0.002797,0.000743
0.004366,-0.000000,0.004366,-0.000764,-0.002760,0.000733
0.004308,-0.000000,0.004308,-0.000754,-0.002723,0.000723
0.004250,-0.000000,0.004250,-0.000743,-0.002686,0.000713
0.004192,-0.000000,0.004192,-0.000733,-0.002650,0.000703
0.004136,-0.000000,0.004136,-0.000723,-0.002615,0.000694
0.004080,-0.000000,0.004080,-0.000713,-0.002580,0.000684
0.004025,-0.000000,0.004025,-0.000703,-0.002545,0.000675
0.003971,-0.000000,0.003971,-0.000693,-0.002511,0.000666
0.003918,-0.000000,0.003918,-0.000684,-0.002477,0.000657
0.003865,-0.000000,0.003865,-0.000674,-0.002444,0.000648
0.003813,-0.000000,0.003813,-0.000665,-0.002411,0.000639
0.003761,-0.000000,0.003761,-0.000656,-0.002379,0.000631
0.003711,-0.000000,0.003711,-0.000647,-0.002347,0.000622
0.003661,-0.000000,0.003661,-0.000638,-0.002315,0.000614
0.003611,-0.000000,0.003611,-0.000629,-0.002284,0.000605
0.003563,-0.000000,0.003563,-0.000620,-0.002254,0.000597
0.003515,-0.000000,0.003515,-0.000612,-0.002223,0.000589
0.003467,-0.000000,0.003467,-0.000603,-0.002193,0.000581
0.003421,-0.000000,0.003421,-0.000595,-0.002164,0.000573
0.003375,-0.000000,0.003375,-0.000587,-0.002135,0.000565
0.003329,-0.000000,0.003329,-0.000579,-0.002106,0.000558
0.003284,-0.000000,0.003284,-0.000571,-0.002078,0.000550
0.003240,-0.000000,0.003240,-0.000563,-0.002050,0.000543
0.003196,-0.000000,0.003196,-0.000555,-0.002022,0.000535
0.003153,-0.000000,0.003153,-0.000547,-0.001995,0.000528
0.003110,-0.000000,0.003110,-0.000540,-0.001968,0.000521
0.003069,-0.000000,0.003069,-0.000532,-0.001942,0.000514
0.003027,-0.000000,0.003027,-0.000525,-0.001916,0.000507
0.002986,-0.000000,0.002986,-0.000518,-0.001890,0.000500
0.002946,-0.000000,0.002946,-0.000510,-0.001865,0.000493
0.002906,-0.000000,0.002906,-0.000503,-0.001839,0.000486
0.002867,-0.000000,0.002867,-0.000496,-0.001815,0.000480
0.002828,-0.000000,0.002828,-0.000490,-0.001790,0.000473
0.002790,-0.000000,0.002790,-0.000483,-0.001766,0.000467
0.002752,-0.000000,0.002752,-0.000476,-0.001742,0.000460
0.002715,-0.000000,0.002715,-0.000470,-0.001719,0.000454
0.002679,-0.000000,0.002679,-0.000463,-0.001696,0.000448
0.002642,-0.000000,0.002642,-0.000457,-0.001673,0.000442
0.002607,-0.000000,0.002607,-0.000450,-0.001650,0.000436
0.002572,-0.000000,0.002572,-0.000444,-0.001628,0.000430
0.002537,-0.000000,0.002537,-0.000438,-0.001606,0.000424
0.002502,-0.000000,0.002502,-0.000432,-0.001585,0.000418
0.002469,-0.000000,0.002469,-0.000426,-0.001563,0.000413
0.002435,-0.000000,0.002435,-0.000420,-0.001542,0.000407
0.002402,-0.000000,0.002402,-0.000414,-0.001521,0.000402
0.002369,-0.000000,0.002369,-0.000409,-0.001500,0.000396
0.002335,-0.000000,0.002335,-0.000403,-0.001479,0.000390
0.002299,-0.000000,0.002299,-0.000396,-0.001456,0.000384
0.002261,-0.000000,0.002261,-0.000390,-0.001432,0.000378
0.002220,-0.000000,0.002220,-0.000383,-0.001406,0.000371
0.002176,-0.000000,0.002176,-0.000375,-0.001378,0.000364
0.002132,-0.000000,0.002132,-0.000367,-0.001350,0.000356
0.002089,-0.000000,0.002089,-0.000360,-0.001323,0.000349
0.002047,-0.000000,0.002047,-0.000353,-0.001296,0.000342
0.002006,-0.000000,0.002006,-0.000346,-0.001270,0.000335
0.001966,-0.000000,0.001966,-0.000339,-0.001245,0.000329
0.001926,-0.000000,0.001926,-0.000332,-0.001220,0.000322
0.001887,-0.000000,0.001887,-0.000325,-0.001195,0.000316
0.001849,-0.000000,0.001849,-0.000319,-0.001171,0.000309
0.001812,-0.000000,0.001812,-0.000313,-0.001148,0.000303
0.001776,-0.000000,0.001776,-0.000306,-0.001125,0.000297
0.001740,-0.000000,0.001740,-0.000300,-0.001102,0.000291
0.001705,-0.000000,0.001705,-0.000294,-0.001080,0.000286
0.001671,-0.000000,0.001671,-0.000288,-0.001058,0.000280
0.001637,-0.000000,0.001637,-0.000283,-0.001037,0.000275
0.001604,-0.000000,0.001604,-0.000277,-0.001016,0.000269
0.001572,-0.000000,0.001572,-0.000272,-0.000996,0.000264
0.001541,-0.000000,0.001541,-0.000267,-0.000976,0.000259
0.001510,-0.000000,0.001510,-0.000262,-0.000956,0.000255
0.001479,-0.000000,0.001479,-0.000257,-0.000937,0.000250
0.001450,-0.000000,0.001450,-0.000252,-0.000918,0.000245
0.001420,-0.000000,0.001420,-0.000247,-0.000899,0.000241
0.001392,-0.000000,0.001392,-0.000243,-0.000881,0.000237
0.001364,-0.000000,0.001364,-0.000238,-0.000864,0.000233
0.001336,-0.000000,0.001336,-0.000234,-0.000846,0.000229
0.001310,-0.000000,0.001310,-0.000230,-0.000829,0.000226
0.001283,-0.000000,0.001283,-0.000226,-0.000812,0.000222
0.001257,-0.000000,0.001257,-0.000222,-0.000796,0.000219
0.001232,-0.000000,0.001232,-0.000219,-0.000780,0.000216
0.001207,-0.000000,0.001207,-0.000215,-0.000764,0.000213
0.001183,-0.000000,0.001183,-0.000212,-0.000749,0.000210
0.001159,-0.000000,0.001159,-0.000209,-0.000734,0.000207
0.001136,-0.000000,0.001136,-0.000206,-0.000719,0.000205
0.001113,-0.000000,0.001113,-0.000203,-0.000705,0.000203
0.001091,-0.000000,0.001091,-0.000201,-0.000690,0.000201
0.001069,-0.000000,0.001069,-0.000198,-0.000676,0.000199
0.001047,-0.000000,0.001047,-0.000196,-0.000663,0.000197
0.001026,-0.000000,0.001026,-0.000194,-0.000649,0.000196
0.001006,-0.000000,0.001006,-0.000192,-0.000636,0.000195
0.000986,-0.000000,0.000986,-0.000190,-0.000624,0.000193
0.000966,-0.000000,0.000966,-0.000188,-0.000611,0.000192
0.000946,-0.000000,0.000946,-0.000187,-0.000599,0.000192
0.000927,-0.000000,0.000927,-0.000186,-0.000587,0.000191
0.000909,-0.000000,0.000909,-0.000185,-0.000575,0.000191
0.000890,-0.000000,0.000890,-0.000184,-0.000563,0.000191
0.000873,-0.000000,0.000873,-0.000183,-0.000552,0.000191
0.000855,-0.000000,0.000855,-0.000183,-0.000541,0.000191
0.000838,-0.000000,0.000838,-0.000182,-0.000530,0.000191
0.000821,-0.000000,0.000821,-0.000182,-0.000519,0.000191
0.000804,-0.000000,0.000804,-0.000182,-0.000509,0.000192
0.000788,-0.000000,0.000788,-0.000182,-0.000498,0.000193
0.000772,-0.000000,0.000772,-0.000183,-0.000488,0.000194
0.000757,-0.000000,0.000757,-0.000183,-0.000478,0.000195
0.000742,-0.000000,0.000742,-0.000184,-0.000469,0.000196
0.000727,-0.000000,0.000727,-0.000185,-0.000459,0.000197
0.000712,-0.000000,0.000712,-0.000187,-0.000450,0.000199
0.000698,-0.000000,0.000698,-0.000188,-0.000441,0.000201
0.000684,-0.000000,0.000684,-0.000189,-0.000432,0.000202
0.000670,-0.000000,0.000670,-0.000191,-0.000423,0.000204
0.000657,-0.000000,0.000657,-0.000193,-0.000415,0.000206
0.000643,-0.000000,0.000643,-0.000195,-0.000407,0.000208
0.000630,-0.000000,0.000630,-0.000198,-0.000398,0.000210
0.000623,-0.000000,0.000623,-0.000201,-0.000393,0.000213
0.000639,-0.000000,0.000639,-0.000208,-0.000405,0.000220
0.000682,-0.000000,0.000682,-0.000220,-0.000432,0.000232
0.000750,-0.000000,0.000750,-0.000237,-0.000476,0.000248
0.000845,-0.000000,0.000845,-0.000257,-0.000538,0.000268
0.000967,-0.000000,0.000967,-0.000283,-0.000617,0.000292
0.001117,-0.000000,0.001117,-0.000313,-0.000713,0.000321
0.001296,-0.000000,0.001296,-0.000348,-0.000829,0.000355
0.001503,-0.000000,0.001503,-0.000388,-0.000962,0.000394
0.001739,-0.000000,0.001739,-0.000433,-0.001114,0.000437
0.002005,-0.000000,0.002005,-0.000482,-0.001286,0.000486
0.002301,-0.000000,0.002301,-0.000537,-0.001476,0.000539
0.002627,-0.000000,0.002627,-0.000597,-0.001686,0.000597
0.002984,-0.000000,0.002984,-0.000662,-0.001915,0.000660
0.003371,-0.000000,0.003371,-0.000733,-0.002165,0.000728
0.003790,-0.000000,0.003790,-0.000808,-0.002433,0.000802
0.004240,-0.000000,0.004240,-0.000889,-0.002722,0.000880
0.004722,-0.000000,0.004722,-0.000975,-0.003031,0.000964
0.005235,-0.000000,0.005235,-0.001066,-0.003359,0.001052
0.005780,-0.000000,0.005780,-0.001163,-0.003708,0.001146
0.006357,-0.000000,0.006357,-0.001265,-0.004076,0.001245
0.006965,-0.000000,0.006965,-0.001373,-0.004465,0.001349
0.007605,-0.000000,0.007605,-0.001485,-0.004872,0.001458
0.008277,-0.000000,0.008277,-0.001603,-0.005300,0.001573
0.008980,-0.000000,0.008980,-0.001726,-0.005746,0.001692
0.009714,-0.000000,0.009714,-0.001855,-0.006212,0.001817
0.010480,-0.000000,0.010480,-0.001988,-0.006697,0.001946
0.011276,-0.000000,0.011276,-0.002127,-0.007200,0.002081
0.012102,-0.000000,0.012102,-0.002271,-0.007722,0.002220
0.012959,-0.000000,0.012959,-0.002419,-0.008262,0.002364
0.013845,-0.000000,0.013845,-0.002573,-0.008819,0.002513
0.014761,-0.000000,0.014761,-0.002731,-0.009394,0.002667
0.015706,-0.000000,0.015706,-0.002895,-0.009986,0.002825
0.016679,-0.000000,0.016679,-0.003063,-0.010594,0.002988
0.017680,-0.000000,0.017680,-0.003235,-0.011217,0.003155
0.018708,-0.000000,0.018708,-0.003412,-0.011857,0.003327
0.019763,-0.000000,0.019763,-0.003593,-0.012511,0.003503
0.020843,-0.000000,0.020843,-0.003779,-0.013179,0.003683
0.021949,-0.000000,0.021949,-0.003969,-0.013861,0.003867
0.023079,-0.000000,0.023079,-0.004162,-0.014556,0.004054
0.024233,-0.000000,0.024233,-0.004360,-0.015264,0.004246
0.025409,-0.000000,0.025409,-0.004561,-0.015983,0.004441
0.026607,-0.000000,0.026607,-0.004765,-0.016713,0.004639
0.027826,-0.000000,0.027826,-0.004973,-0.017453,0.004841
0.029066,-0.000000,0.029066,-0.005185,-0.018203,0.005046
0.030324,-0.000000,0.030324,-0.005399,-0.018962,0.005254
0.031600,-0.000000,0.031600,-0.005616,-0.019729,0.005464
0.032893,-0.000000,0.032893,-0.005835,-0.020503,0.005678
0.034201,-0.000000,0.034201,-0.006057,-0.021283,0.005893
0.035524,-0.000000,0.035524,-0.006282,-0.022068,0.006111
0.036861,-0.000000,0.036861,-0.006508,-0.022858,0.006331
0.038209,-0.000000,0.038209,-0.006736,-0.023652,0.006552
0.039568,-0.000000,0.039568,-0.006966,-0.024448,0.006775
0.040937,-0.000000,0.040937,-0.007197,-0.025247,0.007000
0.042314,-0.000000,0.042314,-0.007429,-0.026046,0.007226
0.043697,-0.000000,0.043697,-0.007662,-0.026845,0.007452
0.045086,-0.000000,0.045086,-0.007895,-0.027643,0.007679
0.046479,-0.000000,0.046479,-0.008129,-0.028439,0.007907
0.047874,-0.000000,0.047874,-0.008363,-0.029232,0.008135
0.049270,-0.000000,0.049270,-0.008597,-0.030022,0.008362
0.050666,-0.000000,0.050666,-0.008831,-0.030806,0.008590
0.052059,-0.000000,0.052059,-0.009064,-0.031584,0.008817
0.053448,-0.000000,0.053448,-0.009295,-0.032356,0.009043
0.054831,-0.000000,0.054831,-0.009526,-0.033119,0.009268
0.056208,-0.000000,0.056208,-0.009755,-0.033874,0.009491
0.057576,-0.000000,0.057576,-0.009982,-0.034618,0.009713
0.058933,-0.000000,0.058933,-0.010208,-0.035352,0.009933
0.060278,-0.000000,0.060278,-0.010430,-0.036074,0.010151
0.061609,-0.000000,0.061609,-0.010651,-0.036783,0.010366
0.062924,-0.000000,0.062924,-0.010868,-0.037478,0.010578
0.064221,-0.000000,0.064221,-0.011082,-0.038158,0.010788
0.065500,-0.000000,0.065500,-0.011292,-0.038822,0.010994
0.066757,-0.000000,0.066757,-0.011498,-0.039470,0.011196
0.067992,-0.000000,0.067992,-0.011701,-0.040100,0.011395
0.069201,-0.000000,0.069201,-0.011898,-0.040712,0.011589
0.070385,-0.000000,0.070385,-0.012092,-0.041305,0.011778
0.071540,-0.000000,0.071540,-0.012280,-0.041877,0.011963
0.072665,-0.000000,0.072665,-0.012462,-0.042428,0.012143
0.073758,-0.000000,0.073758,-0.012639,-0.042957,0.012318
0.074817,-0.000000,0.074817,-0.012810,-0.043464,0.012487
0.075842,-0.000000,0.075842,-0.012975,-0.043947,0.012650
0.076829,-0.000000,0.076829,-0.013134,-0.044406,0.012806
0.077778,-0.000000,0.077778,-0.013286,-0.044840,0.012957
0.078686,-0.000000,0.078686,-0.013430,-0.045249,0.013101
0.079553,-0.000000,0.079553,-0.013568,-0.045631,0.013237
0.080376,-0.000000,0.080376,-0.013698,-0.045987,0.013367
0.081154,-0.000000,0.081154,-0.013820,-0.046316,0.013489
0.081886,-0.000000,0.081886,-0.013934,-0.046617,0.013603
0.082570,-0.000000,0.082570,-0.014041,-0.046890,0.013710
0.083206,-0.000000,0.083206,-0.014138,-0.047135,0.013809
0.083790,-0.000000,0.083790,-0.014228,-0.047350,0.013899
0.084324,-0.000000,0.084324,-0.014308,-0.047537,0.013981
0.084805,-0.000000,0.084805,-0.014380,-0.047694,0.014054
0.085232,-0.000000,0.085232,-0.014443,-0.047821,0.014119
0.085606,-0.000000,0.085606,-0.014497,-0.047919,0.014174
0.085924,-0.000000,0.085924,-0.014541,-0.047987,0.014221
0.086187,-0.000000,0.086187,-0.014576,-0.048025,0.014259
0.086394,-0.000000,0.086394,-0.014602,-0.048034,0.014288
0.086545,-0.000000,0.086545,-0.014619,-0.048012,0.014307
0.086639,-0.000000,0.086639,-0.014626,-0.047962,0.014318
0.086676,-0.000000,0.086676,-0.014623,-0.047882,0.014319
0.086656,-0.000000,0.086656,-0.014612,-0.047774,0.014311
0.086581,-0.000000,0.086581,-0.014591,-0.047637,0.014293
0.086449,-0.000000,0.086449,-0.014560,-0.047472,0.014267
0.086261,-0.000000,0.086261,-0.014521,-0.047279,0.014232
0.086019,-0.000000,0.086019,-0.014473,-0.047060,0.014188
0.085723,-0.000000,0.085723,-0.014416,-0.046814,0.014135
0.085375,-0.000000,0.085375,-0.014350,-0.046543,0.014074
0.084974,-0.000000,0.084974,-0.014276,-0.046247,0.014005
0.084523,-0.000000,0.084523,-0.014194,-0.045927,0.013927
0.084023,-0.000000,0.084023,-0.014104,-0.045584,0.013841
0.083476,-0.000000,0.083476,-0.014006,-0.045219,0.013748
0.082884,-0.000000,0.082884,-0.013901,-0.044833,0.013648
0.082248,-0.000000,0.082248,-0.013789,-0.044427,0.013541
0.081571,-0.000000,0.081571,-0.013671,-0.044003,0.013427
0.080855,-0.000000,0.080855,-0.013546,-0.043561,0.013306
0.080103,-0.000000,0.080103,-0.013415,-0.043103,0.013180
0.079316,-0.000000,0.079316,-0.013279,-0.042630,0.013049
0.078499,-0.000000,0.078499,-0.013138,-0.042143,0.012912
0.077653,-0.000000,0.077653,-0.012993,-0.041645,0.012771
0.076781,-0.000000,0.076781,-0.012843,-0.041135,0.012626
0.075887,-0.000000,0.075887,-0.012690,-0.040617,0.012478
0.074974,-0.000000,0.074974,-0.012534,-0.040090,0.012326
0.074044,-0.000000,0.074044,-0.012376,-0.039558,0.012172
0.073102,-0.000000,0.073102,-0.012216,-0.039022,0.012015
0.072151,-0.000000,0.072151,-0.012054,-0.038482,0.011858
0.071193,-0.000000,0.071193,-0.011891,-0.037941,0.011699
0.070234,-0.000000,0.070234,-0.011729,-0.037401,0.011540
0.069276,-0.000000,0.069276,-0.011566,-0.036863,0.011382
0.068324,-0.000000,0.068324,-0.011405,-0.036329,0.011224
